Summons Number,Plate ID,Registration State,Plate Type,Issue Date,Violation Code,Vehicle Body Type,Vehicle Make,Issuing Agency,Street Code1,Street Code2,Street Code3,Vehicle Expiration Date,Violation Location,Violation Precinct,Issuer Precinct,Issuer Code,Issuer Command,Issuer Squad,Violation Time,Time First Observed,Violation County,Violation In Front Of Or Opposite,House Number,Street Name,Intersecting Street,Date First Observed,Law Section,Sub Division,Violation Legal Code,Days Parking In Effect    ,From Hours In Effect,To Hours In Effect,Vehicle Color,Unregistered Vehicle?,Vehicle Year,Meter Number,Feet From Curb,Violation Post Code,Violation Description,No Standing or Stopping Violation,Hydrant Violation,Double Parking Violation
1455074718,JGE2946,NY,PAS,03/16/2022,33,SDN,BMW,M,17870,25390,32670,20230505,0014,14,968,267107,0968,0000,0828A,,,,,IFO 49 E 44TH ST,,0,408,E2,,BBBBBBB,ALL,ALL,WHITE,0,2018,-,0,,,,,
1455074731,JGE2946,NY,PAS,03/16/2022,24,SDN,BMW,M,17870,25390,32670,20230505,0014,14,968,267107,0968,0000,0828A,,NY,F,,IFO 49 E 44TH ST,,0,408,C,,BBBBBBB,ALL,ALL,WHITE,0,0,-,0,,,,,
1455074743,T43EAU,NJ,PAS,03/16/2022,24,SUBN,KIA,M,17870,25390,32670,20260831,0014,14,968,267107,0968,0000,0824A,,NY,,,IFO 51 E 44TH ST,,0,408,D5,,BBBBBBB,ALL,ALL,BLK,0,0,-,0,,,,,
1478689912,HGG6161,NY,PAS,03/16/2022,14,SDN,TOYOT,M,24890,17830,17850,20220406,0017,17,968,267107,0968,0000,0920A,,NY,O,405,LEXINGTON AVE,,0,408,E2,,BBBBBBB,ALL,ALL,RD,0,2018,-,0,,,,,
1478689950,GUG9192,NY,PAS,03/16/2022,17,SUBN,TOYOT,M,17870,25390,32670,20220922,0014,14,968,267107,0968,0000,0423P,,NY,F,51,E 44TH ST,,0,408,I3,,BBBBBBB,ALL,ALL,BLK,0,2014,-,0,,,,,
1424716378,KMM9916,NY,PAS,03/17/2022,46,SDN,ME/BE,M,13920,12550,0,0,0052,52,383,271496,0383,0000,0433A,,BX,F,2985,BOTANICAL SQ,,0,408,J6,,BBBBBBB,ALL,ALL,BLK,0,2018,-,0,,,,,
1466167154,CNP1623,GA,PAS,03/18/2022,16,SDN,TOYOT,O,18220,26640,50120,0,0044,44,0,0,00C6,0000,1015A,,BX,O,1112,CARROLL PL,,0,408,K2,,YYYYYBB,0700A,0700P,BL,0,0,-,0,,,,,
1455199930,KNJ5274,NY,PAS,03/19/2022,17,SUBN,BMW,M,17870,25390,32670,20230430,0014,14,968,274493,0968,0000,0236P,1436P,NY,F,44,E 44TH ST,,0,408,J2,,BBBBBBB,ALL,ALL,SLVR,0,2006,-,0,,,,,
1478690574,H78LUX,NJ,PAS,03/19/2022,17,SUBN,ME/BE,M,17870,25390,32670,0,0014,14,968,274492,0968,0000,0240P,,NY,F,49,E 44TH ST,,0,408,C4,,BBBBBBB,ALL,ALL,BLK,0,2016,-,0,,,,,
1481979644,KKJ5566,NY,PAS,03/19/2022,98,SUBN,VOLKS,P,39490,43360,10140,20230319,109,109,109,955374,0109,0000,0850P,,Q,F,44-15,COLDEN ST,,0,408,K6,,BBBBBBB,ALL,ALL,GY,0,2017,-,0,,,,,
1464043218,KFD6284,NY,PAS,03/20/2022,98,SDN,CHRYS,P,9230,5430,5580,20221218,0072,72,72,960108,0072,0000,0125P,,K,F,415,53 STREET,,0,408,F2,,BBBBBBB,ALL,ALL,WH,0,2007,-,0,,,,,
1487902633,99509MD,NY,COM,03/20/2022,6,DELV,NISSA,P,15920,98100,45820,20230621,0043,43,43,938857,0043,0000,0340A,,BX,F,1851,BRUCKNER BLVD,,0,408,5,,BBBBBBB,ALL,ALL,WH,0,0,-,0,,,,,
1485665590,B96NXV,NJ,PAS,03/21/2022,17,SUBN,CHEVR,O,16790,21690,22040,0,102,102,0,0,0QSC,0000,0117P,,Q,O,126-02,82ND AVENUE,,0,408,C4,,YYYYYBB,0700A,0700P,BLU,0,0,-,0,,,,,
1466167142,Y200920C,NY,OMT,03/21/2022,16,TAXI,TOYOT,O,18220,26640,50120,20230228,0044,44,0,0,00C6,0000,0839A,,BX,O,1110,CARROLL PL,,0,408,F1,,YYYYYBB,0700A,0700P,YELLO,0,2018,-,0,,,,,
1472472937,EEC6444,NY,PAS,03/21/2022,21,SUBN,JEEP,P,0,0,0,20220506,114,114,780,934882,0780,0000,0820A,,Q,,,C/O 29 ST,QUEENS PL N,0,408,D,,BBBBBBB,ALL,ALL,WH,0,2015,-,0,,,,,
1485667215,LVZ3298,PA,PAS,03/21/2022,17,SDN,ME/BE,O,16790,21690,22040,0,102,102,0,0,0QSC,0000,0815A,,Q,O,126-01,82ND AVENUE,,0,408,C4,,YYYYYBB,0700A,0700P,BUR,0,0,-,0,,,,,
1486812557,KMS6837,NY,PAS,03/22/2022,46,SDN,DODGE,M,32690,23490,37700,20220421,0034,34,968,253064,0968,0000,0530A,,,F,170,VERMILYEA AVE,,0,408,E2,,BBBBBBB,ALL,ALL,,0,0,-,0,,,,,
1486812569,LLP6873,PA,PAS,03/22/2022,40,SUBN,TOYOT,M,32690,23490,37700,20220831,0034,34,968,253064,0968,0000,0530A,0530A,NY,F,181,VERMILYEA AVE,,0,408,F1,,BBBBBBB,ALL,ALL,GRAY,0,2011,-,0,,,,,
1486812570,KEE7550,NY,PAS,03/22/2022,40,SUBN,ROVER,M,32690,23490,37700,20220812,0034,34,968,253064,0968,0000,0530A,0530A,NY,F,181,VERMILYEA AVE,,0,408,E2,,BBBBBBB,ALL,ALL,RED,0,2016,-,5,,,,,
1486812582,JSF9544,NY,PAS,03/22/2022,40,SDN,ME/BE,M,28390,12915,13113,20220618,0034,34,968,253064,0968,0000,0407A,0407A,NY,F,119,PAYSON AVE,,0,408,E2,,BBBBBBB,ALL,ALL,GREEN,0,2019,-,0,,,,,
1486812594,KJE8443,NY,PAS,03/22/2022,40,SUBN,TOYOT,M,23490,16010,30190,20230517,0034,34,968,253064,0968,0000,0400A,0400A,NY,F,630,ISHAM ST,,0,408,E2,,BBBBBBB,ALL,ALL,GRAY,0,2002,-,0,,,,,
1485128316,3DSK31,MA,PAS,03/22/2022,40,SDN,CADIL,P,57120,61620,16420,20240131,0045,45,45,970419,0045,0000,0609A,,BX,O,1701,PARKVIEW AVE,,0,408,F1,,BBBBBBB,ALL,ALL,WHT,0,2011,-,2,,,,,
1486892346,HAS5239,NY,PAS,03/22/2022,18,SDN,ME/BE,P,86630,68930,31830,20220404,0077,77,77,970741,0077,0000,0915A,,K,F,85,UTICA AVE,,0,408,F1,,BBBBBBB,ALL,ALL,BLK,0,2004,-,0,,,,,
1486785748,BLANKPLATE,99,999,03/23/2022,46,SDN,CADIL,P,72230,73690,67030,0,0071,71,71,950696,0071,0000,0541P,,K,F,1180,PRESIDENT ST,,0,408,F1,,BBBBBBB,ALL,ALL,RD,0,2009,-,0,,,,,
1486785750,T783112C,NY,OMT,03/23/2022,46,SDN,HYUND,P,72230,73690,67030,20220731,0071,71,71,956102,0071,0000,0538A,,K,O,1179,PRESIDENT STREET,,0,408,F1,,BBBBBBB,ALL,ALL,WHITE,0,2018,-,0,,,,,
1485667239,ALK2553,WI,PAS,03/23/2022,46,SDN,BMW,O,16790,21690,22040,0,102,102,0,0,0QSC,0000,1155A,,Q,O,126-02,82ND AVE,,0,408,C4,,BBBBBBB,ALL,ALL,BLACK,0,0,-,0,,,,,
1466167490,KJH7183,NY,PAS,03/24/2022,17,SDN,NISSA,O,36420,26640,50120,20221208,0044,44,0,0,00C6,0000,0720A,,BX,F,1118,GRAND CONCOURSE,,0,408,C4,,YYYYYBB,0700A,0700P,GREY,0,2013,-,0,,,,,
1472472925,FPV5754,NY,PAS,03/24/2022,20,SDN,DODGE,P,0,0,0,20230717,114,114,780,934882,0780,0000,0745A,,Q,,,C/O 29 ST,QUEENS PLAZA NORTH,0,408,D1,,BBBBBBB,ALL,ALL,BLUE,0,2012,-,0,,,,,
1487894247,BLANKPLATE,99,999,03/26/2022,51,,,P,20890,40404,40404,0,0045,45,45,959684,0045,0000,0324P,,,F,1448,COMMERCE AVE,,0,408,F1,,BBBBBBB,ALL,ALL,BL,0,2020,-,0,,,,,
1485424677,T771370C,NY,OMT,03/26/2022,40,SDN,NISSA,P,35080,14280,14330,20230228,0066,66,66,964817,0066,0000,1030A,,K,F,1564,E 7 STREET,,0,408,J2,,BBBBBBB,ALL,ALL,BU,0,2017,-,0,,,,,
1472241745,6DY7341,ME,PAS,03/26/2022,98,SDN,HONDA,P,19040,9440,9540,20220930,110,110,169,953547,0169,0000,1202A,,Q,F,40-48,97 ST,,0,408,F2,,BBBBBBB,ALL,ALL,,0,0,-,0,,,,,
1486817002,ALW6439,NY,PAS,03/27/2022,19,SDN,CHEVR,M,0,40404,40404,20231023,0025,25,968,0,0968,0000,1041A,,NY,F,77,125TH ST,,0,408,F1,,BBBBBBB,ALL,ALL,GY,0,2006,-,0,,,,,
1466167658,KTF8920,NY,PAS,03/28/2022,17,SDN,CHEVR,O,36420,26640,50120,20231020,0044,44,0,0,00C6,0000,0756A,,BX,F,1125,GRAND CONCOURSE,,0,408,E2,,YYYYYBB,0700A,0700P,BLK,0,2013,-,0,,,,,
1466167166,T804717C,NY,OMT,03/28/2022,16,SUBN,TOYOT,O,18220,26640,50120,20220630,0044,44,0,0,00C6,0000,0755A,,BX,O,1110,CARROLL PL,,0,408,K2,,YYYYYBB,0700A,0700P,BLK,0,2020,-,0,,,,,
1472472573,KKA6452,NY,PAS,03/29/2022,17,SUBN,ACURA,P,36940,7640,7740,20230330,114,114,780,930160,0780,0000,1115A,,,O,2811,QUEENS PLZ NORTH,,0,408,C4,,BBBBBBB,ALL,ALL,WH,0,2022,-,0,,,,,
1472472950,KHD7729,NY,PAS,03/29/2022,20,SDN,NISSA,P,0,0,0,20230114,114,114,780,934882,0780,0000,1115A,,Q,,,C/O QUEENS PLAZA N,29TH ST,0,408,D1,,BBBBBBB,ALL,ALL,GY,0,2008,-,0,,,,,
1472472561,KSC3729,NY,PAS,03/29/2022,17,SDN,HONDA,P,36940,7640,7740,20230912,114,114,780,930160,0780,0000,1110A,,,O,2811,QUEENS PLZ NORTH,,0,408,C3,,BBBBBBB,ALL,ALL,BLK,0,2022,-,0,,,,,
5122631803,KRY9601,NY,PAS,03/29/2022,7,SUBN,ROVER,V,0,0,0,0,,0,0,0,,,1248P,,QN,,,NORTHERN BLVD (E/B),@ MARATHON PKWY,0,1111,D,T,,,,WH,,2016,,0,,FAILURE TO STOP AT RED LIGHT,,,
1489054789,10667TV,NY,COM,03/29/2022,71,P-U,GMC,P,30820,30750,30750,20240630,0045,45,45,968207,0045,0000,0350A,,BX,O,646,THROGS NECK EXPY,,0,408,K6,,BBBBBBB,ALL,ALL,BLUE,0,2010,-,0,,,,,
1466167178,KTA8796,NY,PAS,03/30/2022,16,SUBN,TOYOT,O,18220,26640,50120,20240216,0044,44,0,0,00C6,0000,0917A,,BX,O,1110,CARROLL PL,,0,408,K2,,YYYYYBB,0700A,0700P,GRY,0,2006,-,0,,,,,
1486812417,KNG6141,NY,PAS,03/30/2022,40,SUBN,TOYOT,M,30490,23490,11010,20230529,0034,34,968,253064,0968,0000,0448A,0443A,,F,264,SHERMAN AVE,,0,408,E2,,BBBBBBB,ALL,ALL,GRAY,0,2015,-,5,,,,,
1486812429,KSY6880,NY,PAS,03/30/2022,40,SUBN,SUBAR,M,16010,37630,37690,20231108,0034,34,968,253064,0968,0000,0424A,0424A,NY,F,76,COOPER ST,,0,408,E2,,BBBBBBB,ALL,ALL,GRAY,0,2016,-,0,,,,,
1486812430,KPP9840,NY,PAS,03/30/2022,14,SUBN,AUDI,M,30190,28390,37690,20231103,0034,34,968,253064,0968,0000,0347A,0347A,NY,F,128,SEAMAN AVE,,0,408,E2,,BBBBBBB,ALL,ALL,GRAY,0,2011,-,0,,,,,
1486812442,KPP9840,NY,PAS,03/30/2022,71,SUBN,AUDI,M,30190,28390,37690,20231103,0034,34,968,253064,0968,0000,0347A,0347A,NY,F,128,SEAMAN AVE,,0,408,C,,BBBBBBB,ALL,ALL,GRAY,0,2011,-,0,,,,,
1486813665,KDT8802,NY,PAS,03/30/2022,21,SDN,BMW,M,28390,16910,12915,20220705,0034,34,968,273239,0968,0000,0400A,,,,67,PAYSON AVE,,0,408,M1,,BBBBBBB,ALL,ALL,WHI,0,2020,-,0,,,,,
1486813689,KSE7309,NY,PAS,03/30/2022,46,SDN,HONDA,M,32690,37630,37690,20230916,0034,34,968,273239,0968,0000,0430A,,NY,,121,VERMILYEA,,0,408,D1,,BBBBBBB,ALL,ALL,,0,0,-,0,,,,,
1486813690,KED7932,NY,PAS,03/30/2022,40,SUBN,SUBAR,M,30490,23490,11010,20220813,0034,34,968,273239,0968,0000,0440A,,,,264,SHERMAN AVE,,0,408,F1,,BBBBBBB,ALL,ALL,,0,0,-,0,,,,,
1478270172,KFV6911,NY,PAS,03/30/2022,14,SDN,TOYOT,K,33190,0,0,20221023,100,100,3,160587,0003,0000,0531P,,Q,,,BEACH 94TH ST,SHORE FRONT PARK,0,408,E3,,BBBBBBB,ALL,ALL,WHITE,0,2017,-,0,,,,,
1472852394,S100284,GA,PAS,03/30/2022,46,SDN,ME/BE,P,89530,5280,5430,0,0078,78,78,961187,0078,0000,0558P,,K,F,572,WARREN ST,,0,408,E2,,BBBBBBB,ALL,ALL,BLK,0,0,-,0,,,,,
1487635965,GWJ6962,NY,PAS,03/30/2022,98,SDN,CHRYS,P,54990,12090,55440,20220601,104,104,104,962263,0104,0000,1239A,,Q,,58-65,MASPETH AVENUE,,0,408,E2,,BBBBBBB,ALL,ALL,,0,2008,-,0,,,,,
1487636155,KWE5635,NY,PAS,03/30/2022,40,SUBN,ACURA,P,15240,39690,56490,20230510,104,104,104,962263,0104,0000,1206P,,Q,F,72-20,72 PLACE,,0,408,F2,,BBBBBBB,ALL,ALL,WHITE,0,2018,-,9,,,,,
1466167671,J26NMU,NJ,PAS,03/31/2022,17,SDN,HONDA,O,36420,26640,50120,0,0044,44,0,0,00C6,0000,0730A,,BX,F,1118,GRAND CONCOURSE,,0,408,F1,,YYYYYBB,0700A,0700P,SLVR,0,0,-,0,,,,,
1472472974,JFY4022,NY,PAS,03/31/2022,20,SDN,LEXUS,P,0,0,0,20230211,114,114,780,934882,0780,0000,1148A,,Q,,,O/O 28-11 QUEENS PLA,,0,408,D,,BBBBBBB,ALL,ALL,GY,0,2019,-,0,,,,,
1486812405,GBC5515,NY,PAS,03/31/2022,40,P-U,CHEVR,M,13610,37702,37703,20231103,0034,34,968,253064,0968,0000,0411A,0411A,NY,F,5030,BROADWAY,,0,408,C,,BBBBBBB,ALL,ALL,BRO,0,2015,-,0,,,,,
1486812454,LWF7311,PA,PAS,03/31/2022,46,SDN,HONDA,M,32690,23490,37700,20230131,0034,34,968,253064,0968,0000,0420A,0420A,NY,F,170,VERMILYEA AVE,,0,408,J6,,BBBBBBB,ALL,ALL,SIL,0,2003,-,0,,,,,
1486812466,KFL4594,NY,PAS,03/31/2022,46,SDN,BMW,M,23490,30490,32690,20220821,0034,34,968,253064,0968,0000,0425A,0425A,,F,541,ISHAM ST,,0,408,F1,,BBBBBBB,ALL,ALL,GRAY,0,2013,-,0,,,,,
1486812478,JKY8053,NY,PAS,03/31/2022,46,SDN,ACURA,M,32690,37690,23490,20231030,0034,34,968,253064,0968,0000,0434A,0434A,,F,160,VERMILYEA AVE,,0,408,F1,,BBBBBBB,ALL,ALL,BLK,0,2009,-,0,,,,,
1486812480,KFL4218,NY,PAS,03/31/2022,40,SUBN,FORD,M,0,40404,40404,20220806,0034,34,968,253069,0968,0000,0448A,0448A,NY,F,690,ACADEMY AVE,,0,408,F1,,BBBBBBB,ALL,ALL,GRAY,0,2013,-,0,,,,,
1486813707,GXP6486,NY,PAS,03/31/2022,46,SDN,HONDA,M,11010,37700,37701,20210713,0034,34,968,273239,0968,0000,0510A,,NY,,3966,10 AVE,,0,408,E2,,BBBBBBB,ALL,ALL,BLK,0,2020,-,0,,,,,
1486813719,GXP6486,NY,PAS,03/31/2022,70,SDN,HONDA,M,11010,37700,37701,20210713,0034,34,968,273239,0968,0000,0510A,,NY,,3966,10 AVE,,0,408,F1,,BBBBBBB,ALL,ALL,BLK,0,2020,-,0,,,,,
1486435622,BLANKPLATE,99,999,03/31/2022,51,SUBN,TOYOT,P,56010,21420,56890,0,113,113,113,950968,0113,0000,1348,,Q,F,122-06,MONTAUK STREET,,0,408,J5,,BBBBBBB,ALL,ALL,GREN,0,0,-,0,,,,,
1484364016,LMC0699,PA,PAS,03/31/2022,14,SDN,HONDA,P,21690,35780,64890,20210831,110,110,110,969116,0110,0000,0457P,,,F,126-02,126TH ST,,0,408,F2,,BBBBBBB,ALL,ALL,GREEN,0,0,-,0,,,,,
1478688580,H10532,NY,PAS,04/01/2022,14,SUBN,HONDA,M,27790,19450,19470,20231004,0025,25,968,274474,0968,0000,1115A,,NY,F,1825,PARK AVE,,0,408,D1,,BBBBBBB,ALL,ALL,GY,0,2011,-,0,,,,,
1478688579,GPC2464,NY,PAS,04/01/2022,21,SUBN,VOLVO,M,0,0,0,20220411,0025,25,968,274474,0968,0000,1109A,,NY,,,I/S 126 ST,PARK AVE,0,408,C4,,BBBBBBB,ALL,ALL,WH,0,2021,-,0,,,,,
1478688592,345477B,MT,PAS,04/01/2022,14,SDN,NISSA,M,27790,19450,19470,20221130,0025,25,968,274474,0968,0000,1118A,,NY,F,1825,PARK AVE,,0,408,C,,BBBBBBB,ALL,ALL,BK,0,0,-,0,,,,,
5121720919,GYV3762,NY,PAS,04/02/2022,7,SUBN,FORD,V,0,0,0,0,,0,0,0,,,1229P,,BK,,,NB OCEAN PKWY @ AVEN,UE I,0,1111,D,T,,,,WH,,2020,,0,,FAILURE TO STOP AT RED LIGHT,,,
5121720920,KUU6485,NY,PAS,04/02/2022,7,4DSD,LINCO,V,0,0,0,0,,0,0,0,,,1231P,,QN,,,WB NORTHERN BLVD @ 4,8TH ST,0,1111,D,T,,,,WH,,2003,,0,,FAILURE TO STOP AT RED LIGHT,,,
5121720944,JLA4436,NY,PAS,04/02/2022,7,SUBN,FORD,V,0,0,0,0,,0,0,0,,,1232P,,BK,,,FLATBUSH AVE (N/B) @, BERGEN ST,0,1111,D,T,,,,BK,,2014,,0,,FAILURE TO STOP AT RED LIGHT,,,
5121720956,KDK9217,NY,PAS,04/02/2022,7,4DSD,TOYOT,V,0,0,0,0,,0,0,0,,,1232P,,QN,,,SEAGIRT BLVD (E/B) @, ROCKAWAY FREEWAY,0,1111,D,T,,,,GY,,2010,,0,,FAILURE TO STOP AT RED LIGHT,,,
5121720968,HDY5391,NY,PAS,04/02/2022,7,SUBN,LEXUS,V,0,0,0,0,,0,0,0,,,1233P,,QN,,,HORACE HARDING EXPWY, (E/B) @ 108TH ST,0,1111,D,T,,,,GY,,2021,,0,,FAILURE TO STOP AT RED LIGHT,,,
5121720970,KRR4630,NY,PAS,04/02/2022,7,SUBN,MAZDA,V,0,0,0,0,,0,0,0,,,1234P,,ST,,,CLOVE RD (N/B) @ CHE,SHIRE PL,0,1111,D,T,,,,WH,,2021,,0,,FAILURE TO STOP AT RED LIGHT,,,
5121720993,KJB5431,NY,PAS,04/02/2022,7,4DSD,LINCO,V,0,0,0,0,,0,0,0,,,1235P,,BK,,,EASTERN PKWY (E/B) @, ROCHESTER AVE,0,1111,D,T,,,,BK,,2018,,0,,FAILURE TO STOP AT RED LIGHT,,,
5121721006,GWK4977,NY,PAS,04/02/2022,7,PICK,RAM,V,0,0,0,0,,0,0,0,,,1236P,,QN,,,QUEENS MIDTOWN EXPWY, (W/B) @ 43RD ST,0,1111,D,T,,,,GY,,2018,,0,,FAILURE TO STOP AT RED LIGHT,,,
5121721018,KGW7145,NY,PAS,04/02/2022,7,SUBN,DODGE,V,0,0,0,0,,0,0,0,,,1236P,,QN,,,FRANCIS LEWIS BLVD (,N/B) @ HILLSIDE AVE,0,1111,D,T,,,,WH,,2020,,0,,FAILURE TO STOP AT RED LIGHT,,,
5121721020,KSA5153,NY,PAS,04/02/2022,7,SUBN,CHEVR,V,0,0,0,0,,0,0,0,,,1236P,,BK,,,FLATBUSH AVE (N/B) @, BERGEN ST,0,1111,D,T,,,,GY,,2003,,0,,FAILURE TO STOP AT RED LIGHT,,,
5121721031,KRZ3764,NY,PAS,04/02/2022,7,4DSD,HYUND,V,0,0,0,0,,0,0,0,,,1237P,,ST,,,ARTHUR KILL RD (W/B), @ RICHMOND AVE,0,1111,D,T,,,,RD,,2015,,0,,FAILURE TO STOP AT RED LIGHT,,,
5121721043,KVN3608,NY,PAS,04/02/2022,7,SUBN,TOYOT,V,0,0,0,0,,0,0,0,,,1237P,,QN,,,N CONDUIT AVE (W/B),@ LEFFERTS BLVD,0,1111,D,T,,,,GY,,2018,,0,,FAILURE TO STOP AT RED LIGHT,,,
5121721055,KTG2513,NY,PAS,04/02/2022,7,SUBN,CHEVR,V,0,0,0,0,,0,0,0,,,1237P,,BK,,,CADMAN PLAZA (E/B) @, PROSPECT ST,0,1111,D,T,,,,BK,,2010,,0,,FAILURE TO STOP AT RED LIGHT,,,
5121721067,KEX4382,NY,PAS,04/02/2022,7,4DSD,CHEVR,V,0,0,0,0,,0,0,0,,,1237P,,MN,,,12TH AVE (N/B) @ W 5,7TH ST,0,1111,D,T,,,,BK,,2012,,0,,FAILURE TO STOP AT RED LIGHT,,,
5121721079,KJY5192,NY,PAS,04/02/2022,7,SUBN,SUBAR,V,0,0,0,0,,0,0,0,,,1237P,,QN,,,QUEENS BLVD (W/B) @,JACOBUS ST,0,1111,D,T,,,,MR,,2004,,0,,FAILURE TO STOP AT RED LIGHT,,,
5121721092,GVT7847,NY,PAS,04/02/2022,7,SUBN,NISSA,V,0,0,0,0,,0,0,0,,,1238P,,QN,,,NORTHERN BLVD (E/B),@ MARATHON PKWY,0,1111,D,T,,,,BK,,2017,,0,,FAILURE TO STOP AT RED LIGHT,,,
5121721109,JRP9824,NY,PAS,04/02/2022,7,SUBN,KIA,V,0,0,0,0,,0,0,0,,,1240P,,ST,,,RICHMOND RD (W/B) @,NEW DORP LANE,0,1111,D,T,,,,BR,,2009,,0,,FAILURE TO STOP AT RED LIGHT,,,
5121721134,JLS9545,NY,PAS,04/02/2022,7,4DSD,INFIN,V,0,0,0,0,,0,0,0,,,1241P,,QN,,,ASTORIA BLVD (E/B) @, STEINWAY ST,0,1111,D,T,,,,BL,,2016,,0,,FAILURE TO STOP AT RED LIGHT,,,
5121721146,GYW2243,NY,PAS,04/02/2022,7,SUBN,NISSA,V,0,0,0,0,,0,0,0,,,1241P,,BK,,,CADMAN PLAZA (E/B) @, PROSPECT ST,0,1111,D,T,,,,BL,,2015,,0,,FAILURE TO STOP AT RED LIGHT,,,
5121721158,HLW2575,NY,PAS,04/02/2022,7,SUBN,HONDA,V,0,0,0,0,,0,0,0,,,1242P,,QN,,,ASTORIA BLVD S (E/B), @ 77TH ST,0,1111,D,T,,,,GY,,2016,,0,,FAILURE TO STOP AT RED LIGHT,,,
5121721160,HCZ6979,NY,PAS,04/02/2022,7,SUBN,DODGE,V,0,0,0,0,,0,0,0,,,1242P,,BX,,,E 135TH ST (W/B) @ A,LEXANDER AVE,0,1111,D,T,,,,BL,,2005,,0,,FAILURE TO STOP AT RED LIGHT,,,
5121721171,GSS7512,NY,PAS,04/02/2022,7,SUBN,FORD,V,0,0,0,0,,0,0,0,,,1242P,,BK,,,OCEAN PKWY (N/B) @ A,VE W,0,1111,D,T,,,,WH,,2007,,0,,FAILURE TO STOP AT RED LIGHT,,,
5121721195,KEJ5326,NY,PAS,04/02/2022,7,SUBN,NISSA,V,0,0,0,0,,0,0,0,,,1244P,,QN,,,BEACH CHANNEL DR (W/,B) @ B 140TH ST,0,1111,D,T,,,,BK,,2006,,0,,FAILURE TO STOP AT RED LIGHT,,,
5121721225,KLC9241,NY,PAS,04/02/2022,7,SUBN,LEXUS,V,0,0,0,0,,0,0,0,,,1247P,,QN,,,HORACE HARDING EXPWY, (E/B) @ UTOPIA PKWY,0,1111,D,T,,,,GY,,2021,,0,,FAILURE TO STOP AT RED LIGHT,,,
5121721237,KSP2289,NY,PAS,04/02/2022,7,SUBN,AUDI,V,0,15510,0,0,,0,0,0,,,1247P,,BK,,,HAMILTON AVE (N/B) @, CLINTON ST,0,1111,D,T,,,,WH,,2020,,0,,FAILURE TO STOP AT RED LIGHT,,,
5121721249,GVA7229,NY,PAS,04/02/2022,7,SUBN,ME/BE,V,0,18890,0,0,,0,0,0,,,1249P,,MN,,,MADISON AVE (N/B) @,E 96TH ST,0,1111,D,T,,,,GY,,2022,,0,,FAILURE TO STOP AT RED LIGHT,,,
5121721250,KLE5204,NY,PAS,04/02/2022,7,SUBN,HONDA,V,0,27310,0,0,,0,0,0,,,1250P,,BX,,,ALLERTON AVE (E/B) @, WHITE PLAINS RD,0,1111,D,T,,,,BL,,2011,,0,,FAILURE TO STOP AT RED LIGHT,,,
5121721262,KTR5701,NY,PAS,04/02/2022,7,4DSD,ME/BE,V,0,13610,0,0,,0,0,0,,,1250P,,QN,,,QUEENS BLVD (W/B) @,BROADWAY,0,1111,D,T,,,,BL,,2011,,0,,FAILURE TO STOP AT RED LIGHT,,,
5121721274,GGW9592,NY,PAS,04/02/2022,7,SUBN,HYUND,V,0,0,0,0,,0,0,0,,,1251P,,BK,,,CLASSON AVE (N/B) @,FLUSHING AVE,0,1111,D,T,,,,BL,,2007,,0,,FAILURE TO STOP AT RED LIGHT,,,
5121721298,KSJ3233,NY,PAS,04/02/2022,7,SUBN,NISSA,V,0,0,0,0,,0,0,0,,,1251P,,BX,,,BRONX RIVER PKWY OFF, RAMP (S/B) @ E/B BR,0,1111,D,T,,,,WH,,2007,,0,,FAILURE TO STOP AT RED LIGHT,,,
5121721316,KKY2018,NY,PAS,04/02/2022,7,SUBN,TOYOT,V,0,0,0,0,,0,0,0,,,1253P,,BK,,,OCEAN PKWY (N/B) @ A,VE W,0,1111,D,T,,,,GR,,2021,,0,,FAILURE TO STOP AT RED LIGHT,,,
5121721328,HAX5278,NY,PAS,04/02/2022,7,SUBN,SUBAR,V,0,0,0,0,,0,0,0,,,1253P,,BK,,,EASTERN PKWY (W/B) @, HOWARD AVE,0,1111,D,T,,,,WH,,2016,,0,,FAILURE TO STOP AT RED LIGHT,,,
5121721330,GNX5518,NY,PAS,04/02/2022,7,4DSD,TOYOT,V,0,0,0,0,,0,0,0,,,1254P,,QN,,,NORTHERN BLVD (E/B),@ 114TH ST,0,1111,D,T,,,,BL,,2009,,0,,FAILURE TO STOP AT RED LIGHT,,,
5121721353,KSZ6328,NY,PAS,04/02/2022,7,SUBN,JEEP,V,0,0,0,0,,0,0,0,,,1254P,,QN,,,SB 108TH ST @ HORACE, HARDING EXPY N,0,1111,D,T,,,,GY,,2004,,0,,FAILURE TO STOP AT RED LIGHT,,,
5121721365,KDE2563,NY,PAS,04/02/2022,7,PICK,RAM,V,0,0,0,0,,0,0,0,,,1254P,,BX,,,E 135TH ST (W/B) @ A,LEXANDER AVE,0,1111,D,T,,,,GY,,2021,,0,,FAILURE TO STOP AT RED LIGHT,,,
5121721377,HSF8587,NY,PAS,04/02/2022,7,SUBN,FORD,V,0,0,0,0,,0,0,0,,,1256P,,BK,,,OCEAN PKWY (N/B) @ A,VE W,0,1111,D,T,,,,BK,,2017,,0,,FAILURE TO STOP AT RED LIGHT,,,
5121721390,KLS1770,NY,PAS,04/02/2022,7,SUBN,FORD,V,0,19680,0,0,,0,0,0,,,1258P,,BX,,,BRUCKNER BLVD (S/B),@ E 138TH ST,0,1111,D,T,,,,BL,,2018,,0,,FAILURE TO STOP AT RED LIGHT,,,
5121721407,HDH6040,NY,PAS,04/02/2022,7,SUBN,FORD,V,0,0,0,0,,0,0,0,,,1258P,,ST,,,CLOVE RD (N/B) @ CHE,SHIRE PL,0,1111,D,T,,,,MR,,2018,,0,,FAILURE TO STOP AT RED LIGHT,,,
5121721419,JLF4996,NY,PAS,04/02/2022,7,CONV,FORD,V,0,0,0,0,,0,0,0,,,1259P,,BK,,,OCEAN PKWY (S/B) @ A,VE W,0,1111,D,T,,,,BK,,2017,,0,,FAILURE TO STOP AT RED LIGHT,,,
5121721432,GXT5726,NY,PAS,04/02/2022,7,4DSD,HONDA,V,0,0,0,0,,0,0,0,,,0100P,,BK,,,JAMAICA AVE (E/B) @,PENNSYLVANIA AVE,0,1111,D,T,,,,GY,,2015,,0,,FAILURE TO STOP AT RED LIGHT,,,
5121721456,HFA3425,NY,PAS,04/02/2022,7,SUBN,DODGE,V,0,0,0,0,,0,0,0,,,0100P,,BK,,,FLATBUSH AVE (N/B) @, GLENWOOD RD,0,1111,D,T,,,,BK,,2015,,0,,FAILURE TO STOP AT RED LIGHT,,,
5121721468,HNR9605,NY,PAS,04/02/2022,7,SUBN,BMW,V,0,0,0,0,,0,0,0,,,0100P,,BK,,,FLATBUSH AVE (S/B) @, DEAN ST,0,1111,D,T,,,,GY,,2016,,0,,FAILURE TO STOP AT RED LIGHT,,,
5121721481,JLR1487,NY,PAS,04/02/2022,7,SUBN,ACURA,V,0,0,0,0,,0,0,0,,,0102P,,BK,,,EASTERN PKWY (W/B) @, BEDFORD AVE,0,1111,D,T,,,,GY,,2017,,0,,FAILURE TO STOP AT RED LIGHT,,,
5121721493,KGW9923,NY,PAS,04/02/2022,7,SUBN,GMC,V,0,0,0,0,,0,0,0,,,0105P,,BK,,,OCEAN PKWY (N/B) @ A,VE W,0,1111,D,T,,,,GY,,2021,,0,,FAILURE TO STOP AT RED LIGHT,,,
5121721500,KTT6143,NY,PAS,04/02/2022,7,SUBN,BMW,V,0,19890,0,0,,0,0,0,,,0105P,,MN,,,CHRYSTIE ST (N/B) @,E HOUSTON ST,0,1111,D,T,,,,WH,,2022,,0,,FAILURE TO STOP AT RED LIGHT,,,
5121721511,KLT7777,NY,PAS,04/02/2022,7,CONV,FORD,V,0,0,0,0,,0,0,0,,,0105P,,BK,,,CLASSON AVE (N/B) @,FLUSHING AVE,0,1111,D,T,,,,BK,,2013,,0,,FAILURE TO STOP AT RED LIGHT,,,
5121721523,KFZ2953,NY,PAS,04/02/2022,7,SUBN,FORD,V,0,15510,0,0,,0,0,0,,,0105P,,BK,,,HAMILTON AVE (N/B) @, CLINTON ST,0,1111,D,T,,,,WH,,2015,,0,,FAILURE TO STOP AT RED LIGHT,,,
5121721535,HHC3918,NY,PAS,04/02/2022,7,SUBN,INFIN,V,0,0,0,0,,0,0,0,,,0106P,,BX,,,222ND ST (W/B) @ PAU,LDING AVE,0,1111,D,T,,,,LTGY,,2003,,0,,FAILURE TO STOP AT RED LIGHT,,,
5121721547,KDW8969,NY,PAS,04/02/2022,7,4DSD,NISSA,V,0,0,0,0,,0,0,0,,,0106P,,BK,,,EASTERN PKWY (W/B) @, HOWARD AVE,0,1111,D,T,,,,GY,,2018,,0,,FAILURE TO STOP AT RED LIGHT,,,
5121721559,KEF5497,NY,PAS,04/02/2022,7,4DSD,HONDA,V,0,15510,0,0,,0,0,0,,,0107P,,BK,,,HAMILTON AVE (N/B) @, CLINTON ST,0,1111,D,T,,,,RD,,2012,,0,,FAILURE TO STOP AT RED LIGHT,,,
5121721560,GUE7836,NY,PAS,04/02/2022,7,SUBN,FORD,V,0,0,0,0,,0,0,0,,,0108P,,BK,,,EASTERN PKWY (W/B) @, HOWARD AVE,0,1111,D,T,,,,WH,,2014,,0,,FAILURE TO STOP AT RED LIGHT,,,
5121722904,JFP9733,NY,PAS,04/02/2022,7,PICK,CHEVR,V,0,0,0,0,,0,0,0,,,1230P,,QN,,,HORACE HARDING EXPWY, (E/B) @ 108TH ST,0,1111,D,T,,,,RD,,2019,,0,,FAILURE TO STOP AT RED LIGHT,,,
1486812272,LLP6873,PA,PAS,04/02/2022,40,,TOYOT,M,13610,23490,37701,20220831,0034,34,968,253064,0968,0000,1250A,1250A,,F,4980,BROADWAY,,0,408,E2,,BBBBBBB,ALL,ALL,,0,2011,-,0,,,,,
5121720932,T788838C,NY,OMT,04/02/2022,7,SUBN,CHEVR,V,0,0,0,0,,0,0,0,,,1232P,,BK,,,FLATBUSH AVE (N/B) @, GLENWOOD RD,0,1111,D,T,,,,RD,,2021,,0,,FAILURE TO STOP AT RED LIGHT,,,
5121720981,SMLN527,NY,SRF,04/02/2022,7,4DSD,TOYOT,V,0,0,0,0,,0,0,0,,,1235P,,BK,,,SB OCEAN PKWY @ 18TH, AVE,0,1111,D,T,,,,GY,,2007,,0,,FAILURE TO STOP AT RED LIGHT,,,
5121721080,ETN1470,NY,PAS,04/02/2022,7,SUBN,NISSA,V,0,0,0,0,,0,0,0,,,1237P,,BX,,,E 135TH ST (W/B) @ A,LEXANDER AVE,0,1111,D,T,,,,BK,,2012,,0,,FAILURE TO STOP AT RED LIGHT,,,
5121721110,T801138C,NY,OMT,04/02/2022,7,SUBN,TOYOT,V,0,0,0,0,,0,0,0,,,1240P,,QN,,,WB QUEENS BLVD @ 70T,H ST / 45TH AVE,0,1111,D,T,,,,BL,,2018,,0,,FAILURE TO STOP AT RED LIGHT,,,
5121721122,FGR4630,NY,PAS,04/02/2022,7,4DSD,HONDA,V,0,0,0,0,,0,0,0,,,1240P,,BK,,,FLATBUSH AVE (N/B) @, BERGEN ST,0,1111,D,T,,,,RD,,2008,,0,,FAILURE TO STOP AT RED LIGHT,,,
5121721183,FLS6738,NY,PAS,04/02/2022,7,SUBN,KIA,V,0,0,0,0,,0,0,0,,,1244P,,BK,,,CLASSON AVE (N/B) @,FLUSHING AVE,0,1111,D,T,,,,WH,,2011,,0,,FAILURE TO STOP AT RED LIGHT,,,
5121721201,82214MG,NY,COM,04/02/2022,7,VAN,FORD,V,0,0,0,0,,0,0,0,,,1246P,,QN,,,ASTORIA BLVD (W/B) @, STEINWAY ST,0,1111,D,T,,,,WH,,2010,,0,,FAILURE TO STOP AT RED LIGHT,,,
5121721213,DWJ7711,NY,PAS,04/02/2022,7,SUBN,TOYOT,V,0,0,0,0,,0,0,0,,,1246P,,BK,,,FLATBUSH AVE (S/B) @, DEAN ST,0,1111,D,T,,,,GY,,2006,,0,,FAILURE TO STOP AT RED LIGHT,,,
5121721286,FZF6931,NY,PAS,04/02/2022,7,SUBN,BMW,V,0,0,0,0,,0,0,0,,,1251P,,QN,,,HORACE HARDING EXPWY, (E/B) @ UTOPIA PKWY,0,1111,D,T,,,,GY,,2015,,0,,FAILURE TO STOP AT RED LIGHT,,,
5121721304,AJE8662,NY,PAS,04/02/2022,7,SUBN,NISSA,V,0,0,0,0,,0,0,0,,,1252P,,QN,,,NORTHERN BLVD (E/B),@ MARATHON PKWY,0,1111,D,T,,,,BK,,2012,,0,,FAILURE TO STOP AT RED LIGHT,,,
5121721341,84793NA,NY,COM,04/02/2022,7,VAN,RAM,V,0,0,0,0,,0,0,0,,,1254P,,QN,,,BORDEN AVE (E/B) @ G,REENPOINT AVE,0,1111,D,T,,,,BK,,2021,,0,,FAILURE TO STOP AT RED LIGHT,,,
5121721389,Y202891C,NY,OMT,04/02/2022,7,TAXI,FORD,V,0,0,0,0,,0,0,0,,,1257P,,QN,,,SO CONDUIT AVE (E/B), @ 89TH ST,0,1111,D,T,,,,YW,,2020,,0,,FAILURE TO STOP AT RED LIGHT,,,
5121721420,JDSTAR,NY,SRF,04/02/2022,7,4DSD,HYUND,V,0,0,0,0,,0,0,0,,,1259P,,BK,,,4TH AVE (N/B) @ 18TH, ST,0,1111,D,T,,,,GY,,2013,,0,,FAILURE TO STOP AT RED LIGHT,,,
5121721444,ENV8531,NY,PAS,04/02/2022,7,SUBN,NISSA,V,0,0,0,0,,0,0,0,,,0100P,,BK,,,FLATBUSH AVE (N/B) @, GLENWOOD RD,0,1111,D,T,,,,BK,,2017,,0,,FAILURE TO STOP AT RED LIGHT,,,
5121721470,T804305C,NY,OMT,04/02/2022,7,SUBN,TOYOT,V,0,0,0,0,,0,0,0,,,0101P,,QN,,,N CONDUIT AVE (W/B),@ 114TH ST,0,1111,D,T,,,,WH,,2019,,0,,FAILURE TO STOP AT RED LIGHT,,,
5121722916,ARE6037,NY,PAS,04/02/2022,7,SUBN,HONDA,V,0,0,0,0,,0,0,0,,,1239P,,QN,,,QUEENS BLVD (W/B) @,JACOBUS ST,0,1111,D,T,,,,GY,,2019,,0,,FAILURE TO STOP AT RED LIGHT,,,
5122631815,KFN7307,NY,PAS,04/02/2022,7,4DSD,FORD,V,0,0,0,0,,0,0,0,,,1227P,,QN,,,SO CONDUIT AVE (E/B), @ 89TH ST,0,1111,D,T,,,,BK,,2017,,0,,FAILURE TO STOP AT RED LIGHT,,,
5122631827,WOMENLIE,NY,SRF,04/02/2022,7,4DSD,ACURA,V,0,0,0,0,,0,0,0,,,1229P,,BK,,,OCEAN PKWY (N/B) @ A,VE W,0,1111,D,T,,,,GY,,2010,,0,,FAILURE TO STOP AT RED LIGHT,,,
5122631839,581EBZ,IN,PAS,04/02/2022,7,UT,NISSA,V,0,0,0,0,,0,0,0,,,1244P,,BK,,,PENNSYLVANIA AVE (N/,B) @ LINDEN BLVD,0,1111,D,T,,,,BLK,,2006,,0,,FAILURE TO STOP AT RED LIGHT,,,
5122631840,LMK4541,PA,PAS,04/02/2022,7,SDN,CHRYS,V,0,0,0,0,,0,0,0,,,1244P,,QN,,,ASTORIA BLVD (E/B) @, STEINWAY ST,0,1111,D,T,,,,,,2008,,0,,FAILURE TO STOP AT RED LIGHT,,,
5122631852,JJL9451,NC,PAS,04/02/2022,7,MP,CHEVR,V,0,0,0,0,,0,0,0,,,1245P,,BK,,,OCEAN PKWY (N/B) @ A,VE W,0,1111,D,T,,,,,,2015,,0,,FAILURE TO STOP AT RED LIGHT,,,
5122631864,8URC424,CA,PAS,04/02/2022,7,4H,MITSU,V,0,0,0,0,,0,0,0,,,0108P,,BK,,,MCDONALD AVE (N/B) @, VANDERBILT ST,0,1111,D,T,,,,,,2021,,0,,FAILURE TO STOP AT RED LIGHT,,,
5122631876,KSK4314,PA,PAS,04/02/2022,7,SW,NISSA,V,0,0,0,0,,0,0,0,,,0113P,,BK,,,SB OCEAN PKWY @ 18TH, AVE,0,1111,D,T,,,,,,2009,,0,,FAILURE TO STOP AT RED LIGHT,,,
5122631888,ZSB6294,PA,PAS,04/02/2022,7,TK,CHEVR,V,0,0,0,0,,0,0,0,,,0127P,,BK,,,NB OCEAN PKWY @ AVEN,UE I,0,1111,D,T,,,,,,2017,,0,,FAILURE TO STOP AT RED LIGHT,,,
5122632273,GJV426,MN,PAS,04/02/2022,7,Spor,FORD,V,0,0,0,0,,0,0,0,,,1255P,,BK,,,86TH ST (E/B) @ 7TH,AVE,0,1111,D,T,,,,Gray,,2021,,0,,FAILURE TO STOP AT RED LIGHT,,,
5122632285,HSR295,VT,PAS,04/02/2022,7,4D,NISSA,V,0,0,0,0,,0,0,0,,,0105P,,BK,,,PENNSYLVANIA AVE (N/,B) @ LINDEN BLVD,0,1111,D,T,,,,GRN,,1998,,0,,FAILURE TO STOP AT RED LIGHT,,,
1481836950,JMS5135,NY,PAS,04/02/2022,46,SDN,MAZDA,P,34710,10410,10510,20211120,0018,18,115,938890,0115,0000,0340P,,NY,O,58A,WEST 47TH ST,,0,408,D,,BBBBBBB,ALL,ALL,BK,0,2019,-,0,,,,,
1487127790,KLW7812,NY,PAS,04/03/2022,46,SUBN,JEEP,P,15990,60810,0,20230515,102,102,102,965723,0102,0000,0300A,,Q,,,76 STREET,ROCKAWAY BLVD,0,408,F1,,BBBBBBB,ALL,ALL,,0,0,-,0,,,,,
1466167415,JMG4380,NY,PAS,04/04/2022,17,VAN,FORD,O,36420,26640,50120,20230829,0044,44,0,0,00C6,0000,0730A,,BX,F,1118,GRAND CONCOURSE,,0,408,C4,,YYYYYBB,0700A,0700P,GREY,0,2009,-,0,,,,,
1482087029,45293NE,NY,PAS,04/04/2022,78,SDN,ISUZU,P,62930,92430,67730,20240331,0060,60,60,969953,0060,0000,1045P,1045P,,F,29,MURDOCK COURT,,20220404,408,E2,,BBBBBBB,ALL,ALL,WHITE,0,0,-,0,,,,,
1490957923,KNG8474,NY,PAS,04/04/2022,46,SDN,HONDA,P,14920,75125,0,20230611,0050,50,50,960389,0050,0000,1205P,,BX,,,BROADWAY,W 242 ST,0,408,E3,,BBBBBBB,ALL,ALL,WHT,0,2017,-,0,,,,,
1466167427,HCR4913,NY,PAS,04/05/2022,17,SUBN,,O,36420,26640,50120,20231016,0044,44,0,0,00C6,0000,0340P,,BX,F,1125,GRAND CONCOURSE,,0,408,C4,,YYYYYBB,0700A,0700P,GRAY,0,2015,-,0,,,,,
1486855489,KSF8978,NY,PAS,04/05/2022,46,SDN,NISSA,P,73480,54050,55330,20231102,0067,67,67,938897,0067,0000,1224A,,K,F,314,ROCKAWAY PKWY,,0,408,F1,,BBBBBBB,ALL,ALL,GY,0,0,-,0,,,,,
1486855507,KFR8171,NY,PAS,04/05/2022,46,SDN,HONDA,P,73480,74230,93830,20220917,0067,67,67,938897,0067,0000,0150A,,K,F,82,ROCKAWAY PKWY,,0,408,F1,,BBBBBBB,ALL,ALL,BLUE,0,2020,-,0,,,,,
1486855453,S1201965,GA,PAS,04/05/2022,46,SUBN,VOLKS,P,73480,74230,93830,20220717,0067,67,67,938892,0067,0000,1255A,,K,F,137,ROCKAWAY PKWY,,0,408,F1,,BBBBBBB,ALL,ALL,BLK,0,0,-,0,,,,,
1486855490,98023R,VA,PAS,04/05/2022,46,SUBN,ALFAR,P,73480,74230,93830,20220717,0067,67,67,938897,0067,0000,0235A,,K,F,137,ROCKAWAY PKWY,,0,408,F1,,BBBBBBB,ALL,ALL,BL,0,0,-,0,,,,,
1486855520,MCE45F,NY,PAS,04/05/2022,46,SDN,HYUND,P,73480,55330,93130,0,0067,67,67,938897,0067,0000,0131A,,K,F,379,ROCKAWAY PKWY,,0,408,F1,,BBBBBBB,ALL,ALL,GY,0,0,-,0,,,,,
1471964929,KPM9258,NY,PAS,04/06/2022,98,SDN,NISSA,P,63030,40030,47630,20230915,0083,83,83,935480,0083,0000,0645A,,K,F,1226,MYRTLE AVE,,0,408,F2,,BBBBBBB,ALL,ALL,SILVE,0,2010,-,0,,,,,
1466167439,336998T,NJ,PAS,04/06/2022,17,SDN,HYUND,O,36420,26640,50120,20220409,0044,44,0,0,00C6,0000,0730A,,BX,F,1125,GRAND CONCOURSE,,0,408,C4,,YYYYYBB,0700A,0700P,BLK,0,2012,-,0,,,,,
1466167350,T689712C,NY,OMT,04/07/2022,17,SDN,HONDA,O,36420,26640,50120,20230331,0044,44,0,0,00C6,0000,0740A,,BX,F,1118,GRAND CONCOURSE,,0,408,C4,,YYYYYBB,0700A,0700P,BLK,0,0,-,0,,,,,
1450246370,T604015C,NY,OMT,04/08/2022,17,SUBN,ME/BE,W,59330,58330,44930,20221130,0090,90,1,825541,0001,0000,1041A,,K,F,151,MAUJER ST,,0,408,J6,,YYYYYBB,0800A,0400P,BLACK,0,2019,-,0,,,,,
1471670417,LHC9015,PA,PAS,04/08/2022,98,SDN,HONDA,P,60190,19790,62990,20240531,103,103,103,961127,0103,0000,0104A,,,F,105-11,REMINGTON  ST,,0,408,F7,,BBBBBBB,ALL,ALL,BL,0,2004,-,0,,,,,
1489031388,KKS7906,NY,PAS,04/08/2022,46,SUBN,,P,65320,26550,8020,20230504,0041,41,163,973394,0163,0000,0405P,,BX,F,965,SOUTHERN BLVD,,0,408,F1,,BBBBBBB,ALL,ALL,,0,0,-,0,,,,,
1485186018,S63092,MA,COM,04/10/2022,78,VAN,MERCU,P,40130,76930,46970,0,0061,61,61,971677,0061,0000,1246A,,K,F,50,FALMOUTH,,0,408,F2,,BBBBBBB,ALL,ALL,,0,0,-,0,,,,,
1488362919,KFV3288,NY,PAS,04/10/2022,14,SDN,HONDA,P,31530,25330,93530,20240813,0083,83,165,970812,0165,0000,1045P,,K,F,1339,DEKALB AVE,,0,408,F1,,BBBBBBB,ALL,ALL,,0,2017,-,0,,,,,
1486661830,300233T,NJ,PAS,04/10/2022,67,ON,CADIL,P,46190,54090,46490,20220207,104,104,104,960995,0104,0000,0158P,,Q,F,65-02,FRESH POND RD,,0,408,E2,,BBBBBBB,ALL,ALL,BL,0,2003,-,0,,,,,
1130858753,KHA4795,NY,PAS,04/11/2022,20,CONV,VOLKS,Y,19830,47325,47325,20230413,122,122,976,100316,0976,0000,0405P,,R,F,460,BRIELLE AVE,,0,408,K6,,BBBBBBB,ALL,ALL,SILVE,0,2006,-,0,,,,,
1466167440,JHP6961,NY,PAS,04/12/2022,17,SUBN,JEEP,O,36420,26640,50120,20230807,0044,44,0,0,00C6,0000,0720A,,BX,F,1118,GRAND CONCOURSE,,0,408,C4,,YYYYYBB,0700A,0700P,GREY,0,0,-,0,,,,,
1483831176,JADAWHOO,NC,PAS,04/13/2022,51,SDN,DODGE,P,68330,28330,93430,0,0084,84,84,957183,0084,0000,1235P,,K,F,2,ORANGE ST,,0,408,F1,,BBBBBBB,ALL,ALL,RED,0,0,-,0,,,,,
1466167452,13002CF,99,OMT,04/14/2022,17,SDN,TOYOT,O,36420,26640,50120,20230131,0044,44,0,0,00C6,0000,0720A,,BX,F,1125,GRAND CONCOURSE,,0,408,C4,,YYYYYYB,0700A,0700P,BLK,0,2011,-,0,,,,,
1486380785,X234583,NJ,PAS,04/14/2022,17,SDN,DODGE,P,0,0,0,20220509,0005,5,435,950216,0435,0000,0741A,,NY,,,W/S ROBERT WAGNER SR,SOUTH ST,0,408,F7,,YYYYYYY,0700A,0700P,BLK,0,0,-,0,,,,,
1486380797,U91LZT,NJ,PAS,04/14/2022,17,,BMW,P,0,0,0,20231220,0005,5,435,950216,0435,0000,0732A,,NY,,,W/S ROBERT WAGNER SR,PEARL ST,0,408,C4,,YYYYYYY,0700A,0700P,BLUE,0,0,-,0,,,,,
1486380803,KKR4095,NY,PAS,04/14/2022,17,SDN,HYUND,P,0,0,0,20230326,0005,5,435,950216,0435,0000,0730A,,NY,,,W ROBERT WAGNER SR P,SOUTH ST,0,408,C4,,YYYYYYY,0700A,0700P,RED,0,2015,-,0,,,,,
1486380815,KSA5181,NY,PAS,04/14/2022,17,SDN,HYUND,P,0,0,0,20230817,0005,5,435,950216,0435,0000,0725A,,NY,,,N/S ROBERT WAGNER SR,NO SOUTH ST,0,408,C4,,YYYYYYY,0700A,0700P,BLK,0,2009,-,0,,,,,
1486380827,ECF2440,PA,PAS,04/14/2022,17,SDN,NISSA,P,0,0,0,0,0005,5,435,950216,0435,0000,0720A,,NY,,,N/ ROBERT WAGNER SR,SO PEARL ST,0,408,C4,,YYYYYYY,0700A,0700P,BLK,0,0,-,0,,,,,
1473077047,22064NA,NY,COM,04/14/2022,78,VAN,FORD,P,34889,39230,29687,20221031,122,122,122,942311,0122,0000,1000P,,R,F,190,JUMEL ST,,0,408,K6,,BBBBBBB,ALL,ALL,BL,0,2020,-,0,,,,,
1474149856,KSA5736,NY,PAS,04/14/2022,46,SUBN,MITSU,P,24690,36250,36270,20230830,0028,28,28,959679,0028,0000,1228P,,NY,F,284,LENOX AVE,,0,408,F1,,BBBBBBB,ALL,ALL,BL,0,2020,-,0,,,,,
1466167464,KPS4217,NY,PAS,04/15/2022,40,SDN,CHEVR,O,36420,26640,50120,20230915,0044,44,0,0,00C6,0000,0727A,,BX,F,1130,GRAND CONCOURSE,,0,408,C4,,BBBBBBB,ALL,ALL,BLK,0,2021,-,0,,,,,
1455182280,KVU4168,NY,PAS,04/15/2022,19,SDN,INFIN,M,86630,38430,86530,0,0071,71,968,269228,0968,0000,0404P,,K,F,291,UTICA AVE,,0,408,C4,,BBBBBBB,ALL,ALL,BLUE,0,2021,-,0,,,,,
1488229314,FMT4323,NY,PAS,04/15/2022,20,SUBN,HONDA,3,25645,13113,13113,20230531,0019,19,977,627890,0977,0000,0200A,,NY,O,405,MAIN ST,,0,408,D,,BBBBBBB,ALL,ALL,SILVE,0,2019,-,0,,,,,
1485186006,KKA9061,NY,PAS,04/15/2022,98,SUBN,NISSA,P,35530,32600,19630,20230309,0061,61,61,971677,0061,0000,0117A,,K,F,240,E 16TH STREET,,0,408,E2,,BBBBBBB,ALL,ALL,,0,0,-,0,,,,,
1481854069,T104891C,NY,OMT,04/17/2022,20,SUBN,INFIN,P,0,0,0,20230430,110,110,169,955004,0169,0000,0325P,,Q,,,C/O MEADOW DR,AMPHITHEATER BRIDGE,0,408,E2,,BBBBBBB,ALL,ALL,,0,0,-,0,,,,,
1486812521,BLANKPLATE,99,999,04/17/2022,40,SUBN,BMW,M,37700,32690,13610,0,0034,34,968,253064,0968,0000,1050P,2250A,,,543,W 211 ST,,20220417,408,E2,,BBBBBBB,ALL,ALL,BLK,0,2005,-,0,,,,,
1487074578,BF95741,CT,PAS,04/17/2022,98,SUBN,NISSA,P,86030,41030,14230,0,0063,63,63,963439,0063,0000,0207P,,K,F,2123,TROY AVE,,0,408,E2,,BBBBBBB,ALL,ALL,GOLD,0,0,-,0,,,,,
1466167361,KTZ2073,NY,PAS,04/18/2022,17,SDN,BMW,O,36420,26640,50120,20231009,0044,44,0,0,00C6,0000,0735A,,BX,F,1118,GRAND CONCOURSE,,0,408,C4,,YYYYYBB,0700A,0700P,BLK,0,2016,-,0,,,,,
1466167476,KVP3780,NY,PAS,04/18/2022,17,SUBN,JEEP,O,36420,26640,50120,20220419,0044,44,0,0,00C6,0000,0730A,,BX,F,1125,GRAND CONCOURSE,,0,408,E2,,YYYYYBB,0700A,0700P,BLK,0,2019,-,0,,,,,
1484603576,258623F,ME,PAS,04/18/2022,21,,TRAIL,P,67620,73420,35720,0,0043,43,43,948229,0043,0000,0938A,,BX,O,1102,TAYLOR AVE,,0,408,F2,,BBBBBBB,ALL,ALL,BLK,0,2004,-,0,,,,,
1466167373,KKH2393,NY,PAS,04/19/2022,17,SDN,HONDA,O,36420,26640,50120,20230412,0044,44,0,0,00C6,0000,0730A,,BX,F,1125,GRAND CONCOURSE,,0,408,C4,,YYYYYBB,0700A,0700P,WHITE,0,2016,-,0,,,,,
1486380773,X234583,NJ,PAS,04/19/2022,67,SDN,DODGE,P,0,0,0,20220509,0005,5,435,938389,0435,0000,0730A,,NY,F,,ROBERT WAGNER ST PL,C/O SOUTH STREET,0,408,J3,,YYYYYYY,ALL,ALL,BLK,0,0,-,0,,,,,
1487299382,BB76320,CT,PAS,04/19/2022,67,SDN,TOYOT,P,64420,13820,39790,0,0047,47,47,955220,0047,0000,0615P,,BX,F,3477,SEYMOUR AVE,,0,408,F2,,BBBBBBB,ALL,ALL,TAN,0,0,-,0,,,,,
1487308449,KVT5571,NY,PAS,04/19/2022,46,SUBN,HONDA,P,41550,51020,63010,20240503,0045,45,45,964420,0045,0000,0415A,,BX,F,328,HUNTINGTON AVENUE,,0,408,F7,,BBBBBBB,ALL,ALL,WHITE,0,2003,-,0,,,,,
1466167385,1GC620,RI,PAS,04/20/2022,17,SDN,TOYOT,O,36420,26640,50120,20221130,0044,44,0,0,00C6,0000,0730A,,BX,F,1125,GRAND CONCOURSE,,0,408,C4,,YYYYYBB,0700A,0700P,BLK,0,0,-,0,,,,,
1455032566,H14715,NY,PAS,04/21/2022,40,SUBN,NISSA,M,17830,27790,16320,20230809,0014,14,968,267107,0968,0000,0609P,,NY,F,89,E 42 ST,,0,408,C3,,BBBBBBB,ALL,ALL,,0,2007,-,0,,,,,
1478691219,02AETJ,FL,PAS,04/21/2022,99,SDN,ME/BE,M,0,0,0,0,0052,52,968,270161,0968,0000,0542A,,BX,,,C/O WEBSTER AVE,E 193 ST,0,408,E2,,BBBBBBB,ALL,ALL,WHITE,0,0,-,0,,,,,
1478691244,02AETJ,FL,PAS,04/21/2022,67,SDN,ME/BE,M,0,0,0,0,0052,52,968,270161,0968,0000,0542A,,BX,,,C/O WEBSTER AVE,E 193 ST,0,408,99,,BBBBBBB,ALL,ALL,WHITE,0,0,-,0,,,,,
1475780874,JGY8875,NY,PAS,04/21/2022,46,SDN,BMW,P,59990,16540,16790,20230303,102,102,838,868010,0838,0000,1137A,1137A,,F,120-55,QNS BLVD,,0,408,F1,,BBBBBBB,ALL,ALL,BLK,0,2003,-,0,,,,,
1485512797,KRR5009,NY,PAS,04/23/2022,14,SUBN,DODGE,P,40930,68930,5580,20230901,0078,78,78,947747,0078,0000,0635P,,K,O,162,FLATBUSH AVE,,0,408,E2,,BBBBBBB,ALL,ALL,BLK,0,2021,-,0,,,,,
1485512761,BLANKPLATE,99,999,04/23/2022,40,SUBN,NISSA,P,5680,24830,43130,0,0078,78,78,958295,0078,0000,0656A,,K,F,236,6 AVENUE,,0,408,E2,,BBBBBBB,ALL,ALL,GRAY,0,0,-,0,,,,,
1487157691,HFB7269,NY,PAS,04/24/2022,40,SDN,HONDA,P,55590,26990,26990,20240304,105,105,105,968201,0105,0000,0225A,,Q,O,222-18,MERRICK BLVD,,0,408,F2,,BBBBBBB,ALL,ALL,GY,0,2013,-,0,,,,,
1487157708,KSB3077,NY,PAS,04/24/2022,40,SDN,ME/BE,P,55590,26940,26990,20231105,105,105,105,965970,0105,0000,0230A,,Q,O,222-02,MERRICK BLVD,,0,408,E2,,BBBBBBB,ALL,ALL,BK,0,2022,-,0,,,,,
1487157710,K66427K,PA,PAS,04/24/2022,40,SUBN,ME/BE,P,55590,26990,26990,20220930,105,105,105,968201,0105,0000,0135A,,Q,O,222-18,MERRICK BLVD,,0,408,E2,,BBBBBBB,ALL,ALL,WH,0,0,-,0,,,,,
1482763229,T99HUE,NJ,PAS,04/24/2022,40,SDN,NISSA,P,86330,69330,81430,0,0077,77,77,946126,0077,0000,0920P,,K,O,157,UNDERHILL AVE,,0,408,C3,,BBBBBBB,ALL,ALL,BLK,0,0,-,0,,,,,
1487157721,JAJ8514,NY,PAS,04/25/2022,19,SUBN,NISSA,P,55590,26940,26990,20220704,105,105,105,965970,0105,0000,0130A,,Q,F,222-02,MERRICK BLVD,,0,408,E2,,BBBBBBB,ALL,ALL,BK,0,2017,-,0,,,,,
1466167403,KFL6121,NY,PAS,04/26/2022,17,SDN,NISSA,O,36420,26640,50120,20220716,0044,44,0,0,00C6,0000,0730A,,BX,F,1118,GRAND CONCOURSE,,0,408,C4,,YYYYYBB,0700A,0700P,GREY,0,2013,-,0,,,,,
1472052857,8VHJ864,CA,PAS,04/26/2022,41,,,P,93230,85330,83330,20230422,0079,79,79,966005,0079,0000,0454P,,,F,681,WILLOUGHBY AVE,,0,408,E2,,BBBBBBB,ALL,ALL,WHITE,0,0,-,0,,,,,
1486170018,JDN5385,NY,PAS,04/26/2022,98,SDN,HONDA,P,19390,10790,39010,20221111,110,110,110,972996,0110,0000,0433P,,Q,F,50-29,101 ST,,0,408,C3,,BBBBBBB,ALL,ALL,SILVE,0,2018,-,0,,,,,
1478682541,XFUU36,NJ,PAS,04/27/2022,46,VAN,FORD,M,24890,17850,17870,20241031,0011,11,968,278023,0968,0000,1207P,,NY,F,420,LEXINGTON AVE,,0,408,C,,BBBBBBB,ALL,ALL,GREEN,0,2019,-,0,,,,,
1486583489,KTV5948,NY,PAS,04/27/2022,46,SUBN,ME/BE,P,49120,27090,27120,20220527,0048,48,48,951502,0048,0000,0540A,,BX,F,2143,MAPES AVE,,0,408,C,,BBBBBBB,ALL,ALL,BLK,0,2018,-,0,,,,,
1487237080,KSJ6786,NY,PAS,04/27/2022,98,SDN,HONDA,P,51620,26940,52720,20230704,0046,46,46,971817,0046,0000,0506A,0500A,BX,F,1854,MONROE AVENUE,,0,408,E2,,BBBBBBB,ALL,ALL,GRAY,0,2006,-,0,,,,,
1487134186,32141J2,TX,PAS,04/27/2022,99,SUBN,NISSA,P,5670,23540,23790,20210817,113,113,113,971468,0113,0000,0227P,,Q,O,155-10,11 AVENUE,,0,408,K6,,BBBBBBB,ALL,ALL,BLK,0,2004,-,0,,,,,
1465451730,KDK7246,NY,PAS,04/27/2022,14,SUBN,TOYOT,A,97540,35780,35780,20240331,113,113,642,45437,0642,0000,0809P,2004A,Q,F,,JFK TERMINAL,,0,408,C,,BBBBBBB,ALL,ALL,BLK,0,2013,-,0,,,,,
1482145054,HFW4920,NY,PAS,04/27/2022,14,SUBN,LEXUS,A,0,0,0,20240428,113,113,642,51801,0642,0000,1115A,,Q,F,,TERMINAL 1 ARRIVALS,JFKIA,0,408,C,,BBBBBBB,ALL,ALL,BLK,0,0,-,0,,,,,
1487157733,KTY1284,NY,PAS,04/27/2022,19,SDN,NISSA,P,55590,26940,26990,20231114,105,105,105,968201,0105,0000,0015A,,Q,F,222-02,MERRICK BLVD,,0,408,C3,,BBBBBBB,ALL,ALL,RED,0,2009,-,0,,,,,
1482145042,KVW9486,NY,PAS,04/27/2022,14,SUBN,CHEVR,A,0,0,0,20240405,113,113,642,51801,0642,0000,1110A,,Q,F,,JFKIA,TERMINAL 1 ARRIVALS,0,408,C,,BBBBBBB,ALL,ALL,BLK,0,2012,-,0,,,,,
1482145066,KSM7574,NY,PAS,04/27/2022,14,VAN,TOYOT,A,0,0,0,20230915,113,113,642,51801,0642,0000,0115P,,Q,F,,TERMINAL 1 ARRIVALS,JFKIA,0,408,C,,BBBBBBB,ALL,ALL,,0,0,-,0,,,,,
1405606952,JPV7104,NY,PAS,04/28/2022,14,SUBN,CHEVR,A,0,40404,40404,20220620,113,113,642,47862,0642,0000,1153A,,,,,TERMINAL 5 DEPARTURE,,0,408,J6,,BBBBBBB,ALL,ALL,WHITE,0,2020,-,0,,,,,
1465446424,KVF5953,NY,PAS,04/28/2022,14,SDN,HONDA,A,97540,66290,0,20240320,113,113,642,45437,0642,0000,1035A,1030A,Q,F,,JFK,VAN WYCK EXPY,20220428,408,C,,BBBBBBB,ALL,ALL,GY,0,2014,-,0,,,,,
1465450178,KHN5854,NY,PAS,04/28/2022,14,SUBN,TOYOT,A,0,0,0,20221109,113,113,642,49857,0642,0000,1050A,,Q,,,S/B VAN WYCK,EXIT C,0,408,C,,BBBBBBB,ALL,ALL,GY,0,2017,-,0,,,,,
1482143630,LTZ5486,PA,PAS,04/28/2022,14,SDN,CHRYS,A,0,0,0,20230228,113,113,642,49878,0642,0000,0928P,,Q,,,T8 ARRIVALS,OUTTER RDWY,0,408,J3,,BBBBBBB,ALL,ALL,,0,0,-,0,,,,,
1486895610,KEM6142,NY,PAS,04/28/2022,98,SUBN,JEEP,P,86330,18950,68930,20220722,0077,77,77,973072,0077,0000,1206P,,K,F,10,UNDERHILL AVE,,0,408,F1,,BBBBBBB,ALL,ALL,,0,0,-,0,,,,,
1486895621,KHN7798,NY,PAS,04/28/2022,46,SUBN,HONDA,P,31830,75430,86630,20221129,,0,77,973072,0077,0000,1254P,,K,O,1723,DEAN ST,,0,408,F2,,BBBBBBB,ALL,ALL,SL,0,2011,-,0,,,,,
1482145844,S1161768,GA,PAS,04/28/2022,14,SUBN,FORD,A,0,97540,0,0,113,113,642,50658,0642,0000,0921P,,Q,F,,TERMINAL 8,JFK AIRPORT,0,408,C,,BBBBBBB,ALL,ALL,,0,0,-,0,,,,,
1482146370,HVZ9758,NY,PAS,04/28/2022,14,SUBN,HONDA,A,0,0,0,20231001,113,113,642,51469,0642,0000,1130A,,Q,F,,JFKIA,TERMINAL 4 ARRIVALS,0,408,C,,BBBBBBB,ALL,ALL,GRAY,0,2018,-,0,,,,,
1482146435,T794379C,NY,OMT,04/28/2022,14,SUBN,GMC,A,0,0,0,20230331,113,113,642,47852,0642,0000,1058A,,,F,,TERMINAL 8 ARRIVALS,JFKIA,0,408,C,,BBBBBBB,ALL,ALL,,0,0,-,0,,,,,
1472104845,RVY148,99,PAS,04/28/2022,98,SDN,TOYOT,P,80530,40404,40404,20231031,0077,77,77,966620,0077,0000,0457P,,K,F,558,ST MARKS PL,,0,408,C,,BBBBBBB,ALL,ALL,WHITE,0,2011,-,0,,,,,
1476255398,GXN4253,NY,PAS,04/28/2022,20,P-U,DODGE,P,45600,30895,10510,20230428,0001,1,861,964826,0861,0000,0403P,0403P,,F,1,YORK STREET,,0,408,D1,,YYYYYBB,0800A,0600P,WHI,0,2010,-,0,,,,,
1478522811,KTN2658,NY,PAS,04/29/2022,14,SDN,ST,C,30430,12550,30370,20231201,0045,45,0,100219,CCPD,0000,0650P,,BX,F,140,ELGAR PL,,0,408,D3,,BBBBBBB,ALL,ALL,RED,0,2020,-,0,,,,,
1486551210,KPM5777,NY,PAS,04/29/2022,98,SDN,FORD,P,0,40404,40404,20231027,0070,70,70,972442,0070,0000,0805A,,K,F,470,STRATFORD AVE,,0,408,E2,,BBBBBBB,ALL,ALL,BLUE,0,2004,-,0,,,,,
1253012726,U85PRZ,NJ,PAS,04/29/2022,24,SDN,HONDA,M,17870,25390,32670,20241002,0014,14,968,271475,0968,0000,1044P,,NY,F,49,E 44TH ST,,0,408,5,,BBBBBBB,ALL,ALL,GRY,0,0,-,0,,,,,
1485371119,C108023,CT,COM,04/29/2022,17,SUBN,FORD,P,33970,23190,21790,0,0006,6,6,938837,0006,0000,1018A,,NY,F,255,W 10 ST,,0,408,D,,BBBBBBB,ALL,ALL,WH,0,0,-,0,,,,,
1485371120,HKT3500,99,PAS,04/29/2022,17,CONV,MINI,P,33970,23190,21790,20221031,0006,6,6,938837,0006,0000,1018A,,NY,F,255,W 10 ST,,0,408,C4,,BBBBBBB,ALL,ALL,BK,0,2006,-,0,,,,,
5121721584,KVU8156,NY,PAS,04/30/2022,7,SUBN,JEEP,V,0,0,0,0,,0,0,0,,,0130P,,BX,,,BOSTON RD (N/B) @ PE,LHAM PKWY,0,1111,D,T,,,,GY,,1999,,0,,FAILURE TO STOP AT RED LIGHT,,,
5121721596,HBU6921,NY,PAS,04/30/2022,7,SUBN,HONDA,V,0,0,0,0,,0,0,0,,,0141P,,MN,,,12TH AVE (N/B) @ W 5,7TH ST,0,1111,D,T,,,,BK,,2015,,0,,FAILURE TO STOP AT RED LIGHT,,,
5121721602,KKT5257,NY,PAS,04/30/2022,7,4DSD,VOLKS,V,0,0,0,0,,0,0,0,,,0142P,,ST,,,RICHMOND RD (W/B) @,NEW DORP LANE,0,1111,D,T,,,,GL,,2009,,0,,FAILURE TO STOP AT RED LIGHT,,,
5121721614,HHK8623,NY,PAS,04/30/2022,7,CONV,ME/BE,V,0,0,0,0,,0,0,0,,,0142P,,QN,,,NORTHERN BLVD (E/B),@ 114TH ST,0,1111,D,T,,,,GY,,2016,,0,,FAILURE TO STOP AT RED LIGHT,,,
5121721626,GYK3441,NY,PAS,04/30/2022,7,4DSD,HONDA,V,0,0,0,0,,0,0,0,,,0403P,,QN,,,WOODHAVEN BLVD (N/B), @ YELLOWSTONE BLVD,0,1111,D,T,,,,WH,,2011,,0,,FAILURE TO STOP AT RED LIGHT,,,
5121721638,KDK8805,NY,PAS,04/30/2022,7,4DSD,MAZDA,V,0,0,0,0,,0,0,0,,,0405P,,QN,,,QUEENS BLVD (W/B) @,JACOBUS ST,0,1111,D,T,,,,RD,,2014,,0,,FAILURE TO STOP AT RED LIGHT,,,
5121721640,KME1201,NY,PAS,04/30/2022,7,4DSD,LEXUS,V,0,0,0,0,,0,0,0,,,0407P,,BK,,,PENNSYLVANIA AVE (N/,B) @ LINDEN BLVD,0,1111,D,T,,,,WH,,2010,,0,,FAILURE TO STOP AT RED LIGHT,,,
5121721651,KKG8588,NY,PAS,04/30/2022,7,4DSD,FORD,V,0,0,0,0,,0,0,0,,,0408P,,BK,,,EB ATLANTIC AVE @ RO,CKAWAY AVE,0,1111,D,T,,,,BK,,2010,,0,,FAILURE TO STOP AT RED LIGHT,,,
5121721663,KHP1097,NY,PAS,04/30/2022,7,4DSD,CADIL,V,0,15510,0,0,,0,0,0,,,0411P,,BK,,,HAMILTON AVE (N/B) @, CLINTON ST,0,1111,D,T,,,,GL,,2007,,0,,FAILURE TO STOP AT RED LIGHT,,,
5121721675,KTA7529,NY,PAS,04/30/2022,7,SUBN,NISSA,V,0,0,0,0,,0,0,0,,,0412P,,BK,,,BAY PKWY (S/B) @ 65T,H ST,0,1111,D,T,,,,GL,,2007,,0,,FAILURE TO STOP AT RED LIGHT,,,
5121721687,KPX5844,NY,PAS,04/30/2022,7,PICK,FORD,V,0,0,0,0,,0,0,0,,,0412P,,QN,,,S CONDUIT AVE (E/B),@ BROOKVILLE BLVD,0,1111,D,T,,,,RD,,2007,,0,,FAILURE TO STOP AT RED LIGHT,,,
5121721699,JASBP3,NY,SRF,04/30/2022,7,SUBN,DODGE,V,0,0,0,0,,0,0,0,,,0412P,,QN,,,QUEENS BLVD (E/B) @,70TH ST,0,1111,D,T,,,,BK,,2020,,0,,FAILURE TO STOP AT RED LIGHT,,,
5121721705,JNC5913,NY,PAS,04/30/2022,7,4DSD,BMW,V,0,0,0,0,,0,0,0,,,0413P,,BK,,,LINDEN BLVD (E/B) @,FOUNTAIN AVE,0,1111,D,T,,,,GY,,2016,,0,,FAILURE TO STOP AT RED LIGHT,,,
5121721717,HXR8794,NY,PAS,04/30/2022,7,SUBN,JEEP,V,0,0,0,0,,0,0,0,,,0413P,,QN,,,HORACE HARDING EXPWY, (E/B) @ 108TH ST,0,1111,D,T,,,,WH,,2018,,0,,FAILURE TO STOP AT RED LIGHT,,,
5121721730,KJA7077,NY,PAS,04/30/2022,7,SUBN,ME/BE,V,0,0,0,0,,0,0,0,,,0413P,,QN,,,BORDEN AVE (E/B) @ G,REENPOINT AVE,0,1111,D,T,,,,BK,,2012,,0,,FAILURE TO STOP AT RED LIGHT,,,
5121721742,KLT5238,NY,PAS,04/30/2022,7,SUBN,INFIN,V,0,0,0,0,,0,0,0,,,0414P,,BK,,,WB ATLANTIC AVE @ LO,GAN ST,0,1111,D,T,,,,GY,,0,,0,,FAILURE TO STOP AT RED LIGHT,,,
5121721754,KMT9053,NY,PAS,04/30/2022,7,4DSD,LEXUS,V,0,0,0,0,,0,0,0,,,0414P,,ST,,,VICTORY BLVD (W/B) @, MORANI ST,0,1111,D,T,,,,WH,,2013,,0,,FAILURE TO STOP AT RED LIGHT,,,
5121721766,JHU8231,NY,PAS,04/30/2022,7,4DSD,AUDI,V,0,0,0,0,,0,0,0,,,0415P,,MN,,,12TH AVE (S/B) @ 34T,H ST,0,1111,D,T,,,,BK,,2019,,0,,FAILURE TO STOP AT RED LIGHT,,,
5121721778,HNY6664,NY,PAS,04/30/2022,7,SUBN,HONDA,V,0,0,0,0,,0,0,0,,,0415P,,BX,,,E 135TH ST (W/B) @ A,LEXANDER AVE,0,1111,D,T,,,,BL,,2012,,0,,FAILURE TO STOP AT RED LIGHT,,,
5121721780,KKT2605,NY,PAS,04/30/2022,7,SUBN,VOLKS,V,0,0,0,0,,0,0,0,,,0416P,,ST,,,CLOVE RD (N/B) @ CHE,SHIRE PL,0,1111,D,T,,,,BL,,2009,,0,,FAILURE TO STOP AT RED LIGHT,,,
5121722928,KTP3647,NY,PAS,04/30/2022,7,SUBN,TOYOT,V,0,0,0,0,,0,0,0,,,0417P,,BX,,,BRUCKNER BLVD (E/B),@ BRONX RIVER PKWY R,0,1111,D,T,,,,RD,,2019,,0,,FAILURE TO STOP AT RED LIGHT,,,
5121722941,JSD8411,NY,PAS,04/30/2022,7,4DSD,HONDA,V,0,0,0,0,,0,0,0,,,0417P,,QN,,,QUEENS BLVD (E/B) @,58TH ST,0,1111,D,T,,,,BL,,2013,,0,,FAILURE TO STOP AT RED LIGHT,,,
5121722953,GBU3008,NY,PAS,04/30/2022,7,SUBN,ROVER,V,0,0,0,0,,0,0,0,,,0417P,,BK,,,JAMAICA AVE (E/B) @,PENNSYLVANIA AVE,0,1111,D,T,,,,WH,,2018,,0,,FAILURE TO STOP AT RED LIGHT,,,
5121722977,HSH3573,NY,PAS,04/30/2022,7,SUBN,HONDA,V,0,0,0,0,,0,0,0,,,0420P,,BK,,,KINGS HWY (N/B) @ CH,URCH AVE,0,1111,D,T,,,,WH,,2013,,0,,FAILURE TO STOP AT RED LIGHT,,,
5121722989,KTZ4417,NY,PAS,04/30/2022,7,4DSD,CADIL,V,0,0,0,0,,0,0,0,,,0420P,,BX,,,BARTOW AVE (E/B) @ C,O-OP CITY BLVD,0,1111,D,T,,,,BK,,2011,,0,,FAILURE TO STOP AT RED LIGHT,,,
5121722990,KFY9040,NY,PAS,04/30/2022,7,SUBN,LEXUS,V,0,0,0,0,,0,0,0,,,0421P,,BK,,,4TH AVE (N/B) @ 18TH, ST,0,1111,D,T,,,,WH,,2019,,0,,FAILURE TO STOP AT RED LIGHT,,,
5121723003,HNV6863,NY,PAS,04/30/2022,7,SUBN,NISSA,V,0,0,0,0,,0,0,0,,,0422P,,ST,,,VICTORY BLVD (W/B) @, MORANI ST,0,1111,D,T,,,,GY,,2020,,0,,FAILURE TO STOP AT RED LIGHT,,,
5121723015,HXY6684,NY,PAS,04/30/2022,7,4DSD,HYUND,V,0,0,0,0,,0,0,0,,,0423P,,BX,,,E 135TH ST (W/B) @ A,LEXANDER AVE,0,1111,D,T,,,,BK,,2018,,0,,FAILURE TO STOP AT RED LIGHT,,,
5121723027,KVP6548,NY,PAS,04/30/2022,7,SUBN,MAZDA,V,0,0,0,0,,0,0,0,,,0423P,,BX,,,E 135TH ST (W/B) @ A,LEXANDER AVE,0,1111,D,T,,,,BK,,2022,,0,,FAILURE TO STOP AT RED LIGHT,,,
5121723039,JPY8153,NY,PAS,04/30/2022,7,SUBN,CADIL,V,0,0,0,0,,0,0,0,,,0423P,,QN,,,ROCKAWAY BLVD (S/B),@ BROOKVILLE BLVD,0,1111,D,T,,,,WH,,2011,,0,,FAILURE TO STOP AT RED LIGHT,,,
5121723040,HMK5435,NY,PAS,04/30/2022,7,4DSD,HONDA,V,0,0,0,0,,0,0,0,,,0424P,,BK,,,OCEAN PKWY (N/B) @ A,VE J,0,1111,D,T,,,,GY,,2012,,0,,FAILURE TO STOP AT RED LIGHT,,,
5121723052,JPC7122,NY,PAS,04/30/2022,7,SUBN,HONDA,V,0,0,0,0,,0,0,0,,,0424P,,BK,,,NB OCEAN PKWY @ AVEN,UE I,0,1111,D,T,,,,GY,,2017,,0,,FAILURE TO STOP AT RED LIGHT,,,
5121723076,KDW5238,NY,PAS,04/30/2022,7,4DSD,MINI,V,0,0,0,0,,0,0,0,,,0426P,,BK,,,CLASSON AVE (N/B) @,FLUSHING AVE,0,1111,D,T,,,,GR,,2020,,0,,FAILURE TO STOP AT RED LIGHT,,,
5121723090,GVU6569,NY,PAS,04/30/2022,7,SUBN,NISSA,V,0,0,0,0,,0,0,0,,,0427P,,BX,,,E 135TH ST (W/B) @ A,LEXANDER AVE,0,1111,D,T,,,,RD,,2013,,0,,FAILURE TO STOP AT RED LIGHT,,,
5121723118,GPW2294,NY,PAS,04/30/2022,7,4DSD,HONDA,V,0,0,0,0,,0,0,0,,,0428P,,QN,,,ASTORIA BLVD S (E/B), @ 77TH ST,0,1111,D,T,,,,GY,,2014,,0,,FAILURE TO STOP AT RED LIGHT,,,
5121723131,GZJ9899,NY,PAS,04/30/2022,7,4DSD,FORD,V,0,0,0,0,,0,0,0,,,0429P,,ST,,,RICHMOND AVE (N/B) @, LANDER AVE,0,1111,D,T,,,,GY,,2015,,0,,FAILURE TO STOP AT RED LIGHT,,,
5121723143,JFN9353,NY,PAS,04/30/2022,7,PICK,RAM,V,0,0,0,0,,0,0,0,,,0429P,,QN,,,BEACH CHANNEL DR (W/,B) @ B 140TH ST,0,1111,D,T,,,,WH,,2019,,0,,FAILURE TO STOP AT RED LIGHT,,,
5121723192,HBR1379,NY,PAS,04/30/2022,7,SUBN,HONDA,V,0,0,0,0,,0,0,0,,,0430P,,BK,,,NB OCEAN PKWY @ AVEN,UE I,0,1111,D,T,,,,BR,,2015,,0,,FAILURE TO STOP AT RED LIGHT,,,
5121723209,KRL1313,NY,PAS,04/30/2022,7,4DSD,NISSA,V,0,0,0,0,,0,0,0,,,0431P,,QN,,,ATLANTIC AVE (W/B) @, WOODHAVEN BLVD,0,1111,D,T,,,,OR,,2021,,0,,FAILURE TO STOP AT RED LIGHT,,,
5121723210,KUH9096,NY,PAS,04/30/2022,7,4DSD,HONDA,V,0,0,0,0,,0,0,0,,,0431P,,BK,,,JAMAICA AVE (E/B) @,PENNSYLVANIA AVE,0,1111,D,T,,,,BL,,2019,,0,,FAILURE TO STOP AT RED LIGHT,,,
5121723222,KDJ1645,NY,PAS,04/30/2022,7,4DSD,LINCO,V,0,0,0,0,,0,0,0,,,0431P,,BX,,,GUN HILL RD (E/B) @,WHITE PLAINS RD,0,1111,D,T,,,,TN,,2006,,0,,FAILURE TO STOP AT RED LIGHT,,,
5121723234,KMM4551,NY,PAS,04/30/2022,7,4DSD,NISSA,V,0,0,0,0,,0,0,0,,,0431P,,QN,,,BORDEN AVE (E/B) @ G,REENPOINT AVE,0,1111,D,T,,,,BK,,2021,,0,,FAILURE TO STOP AT RED LIGHT,,,
5121723246,KGJ8844,NY,PAS,04/30/2022,7,SUBN,JEEP,V,0,0,0,0,,0,0,0,,,0432P,,QN,,,NORTHERN BLVD (E/B),@ 114TH ST,0,1111,D,T,,,,WH,,2017,,0,,FAILURE TO STOP AT RED LIGHT,,,
5121723258,KLC6977,NY,PAS,04/30/2022,7,2DSD,HONDA,V,0,0,0,0,,0,0,0,,,0432P,,BK,,,KINGS HWY (N/B) @ CH,URCH AVE,0,1111,D,T,,,,BK,,2008,,0,,FAILURE TO STOP AT RED LIGHT,,,
5121723260,HXA3940,NY,PAS,04/30/2022,7,2DSD,HONDA,V,0,0,0,0,,0,0,0,,,0433P,,QN,,,HORACE HARDING EXPWY, (E/B) @ 108TH ST,0,1111,D,T,,,,BL,,2008,,0,,FAILURE TO STOP AT RED LIGHT,,,
5121723271,KTY7350,NY,PAS,04/30/2022,7,SUBN,JEEP,V,0,0,0,0,,0,0,0,,,0433P,,BK,,,4TH AVE (N/B) @ 18TH, ST,0,1111,D,T,,,,BK,,2012,,0,,FAILURE TO STOP AT RED LIGHT,,,
5121728931,KHA7573,NY,PAS,04/30/2022,7,4DSD,ME/BE,V,0,0,0,0,,0,0,0,,,0416P,,BK,,,FLATBUSH AVE (N/B) @, BERGEN ST,0,1111,D,T,,,,GY,,2011,,0,,FAILURE TO STOP AT RED LIGHT,,,
5121721572,85859ML,NY,COM,04/30/2022,7,VAN,FORD,V,0,0,0,0,,0,0,0,,,1247P,,MN,,,12TH AVE (S/B) @ 23R,D ST,0,1111,D,T,,,,WH,,2018,,0,,FAILURE TO STOP AT RED LIGHT,,,
5121721729,21725ML,NY,COM,04/30/2022,7,VAN,FORD,V,0,0,0,0,,0,0,0,,,0413P,,MN,,,12TH AVE (N/B) @ W 5,7TH ST,0,1111,D,T,,,,BK,,2017,,0,,FAILURE TO STOP AT RED LIGHT,,,
5121722930,DSN4116,NY,PAS,04/30/2022,7,SUBN,NISSA,V,0,0,0,0,,0,0,0,,,0417P,,QN,,,QUEENS BLVD (E/B) @,JACOBUS ST,0,1111,D,T,,,,GY,,2017,,0,,FAILURE TO STOP AT RED LIGHT,,,
5121722965,T626026C,NY,OMT,04/30/2022,7,SUBN,TOYOT,V,0,0,0,0,,0,0,0,,,0419P,,ST,,,RICHMOND AVE (N/B) @, W CASWELL AVE,0,1111,D,T,,,,GY,,2012,,0,,FAILURE TO STOP AT RED LIGHT,,,
5121723064,T791267C,NY,OMT,04/30/2022,7,4DSD,TOYOT,V,0,0,0,0,,0,0,0,,,0425P,,MN,,,WEST ST (S/B) @ W HO,USTON ST,0,1111,D,T,,,,GY,,2015,,0,,FAILURE TO STOP AT RED LIGHT,,,
5121723088,T764303C,NY,OMT,04/30/2022,7,4DSD,CHEVR,V,0,0,0,0,,0,0,0,,,0426P,,BK,,,FLATBUSH AVE (S/B) @, DEAN ST,0,1111,D,T,,,,GY,,2020,,0,,FAILURE TO STOP AT RED LIGHT,,,
5121723106,13DOST,NY,OMT,04/30/2022,7,4DSD,TOYOT,V,0,0,0,0,,0,0,0,,,0427P,,BK,,,EASTERN PKWY (E/B) @, UTICA AVE,0,1111,D,T,,,,BK,,2016,,0,,FAILURE TO STOP AT RED LIGHT,,,
5121723120,T745108C,NY,OMT,04/30/2022,7,SUBN,TOYOT,V,0,0,0,0,,0,0,0,,,0428P,,BK,,,NB OCEAN PKWY @ AVEN,UE I,0,1111,D,T,,,,BK,,2020,,0,,FAILURE TO STOP AT RED LIGHT,,,
5121723155,45BG77,NY,LMB,04/30/2022,7,MOPD,NIU,V,0,0,0,0,,0,0,0,,,0430P,,QN,,,HORACE HARDING EXPWY, (E/B) @ 108TH ST,0,1111,D,T,,,,BKBL,,2020,,0,,FAILURE TO STOP AT RED LIGHT,,,
5121723167,T787822C,NY,OMT,04/30/2022,7,SUBN,TOYOT,V,0,0,0,0,,0,0,0,,,0430P,,BK,,,CLASSON AVE (N/B) @,FLUSHING AVE,0,1111,D,T,,,,GY,,2017,,0,,FAILURE TO STOP AT RED LIGHT,,,
5121723179,T521CS,NY,PAS,04/30/2022,7,SUBN,SUBAR,V,0,0,0,0,,0,0,0,,,0430P,,BK,,,EASTERN PKWY (W/B) @, BEDFORD AVE,0,1111,D,T,,,,GY,,2017,,0,,FAILURE TO STOP AT RED LIGHT,,,
5121723180,DTY5038,NY,PAS,04/30/2022,7,SUBN,HONDA,V,0,0,0,0,,0,0,0,,,0430P,,BX,,,GUN HILL ROAD (E/B),@ EASTCHESTER RD,0,1111,D,T,,,,GY,,2006,,0,,FAILURE TO STOP AT RED LIGHT,,,
5121723283,Y102314C,NY,OMT,04/30/2022,7,TAXI,TOYOT,V,0,0,0,0,,0,0,0,,,0433P,,MN,,,WEST ST (S/B) @ W HO,USTON ST,0,1111,D,T,,,,YW,,2018,,0,,FAILURE TO STOP AT RED LIGHT,,,
5121728943,KHU7688,NY,PAS,04/30/2022,7,4DSD,NISSA,V,0,15510,0,0,,0,0,0,,,0417P,,BK,,,HAMILTON AVE (N/B) @, CLINTON ST,0,1111,D,T,,,,BK,,2015,,0,,FAILURE TO STOP AT RED LIGHT,,,
5122631890,TBU9408,GA,PAS,04/30/2022,7,4S,BMW,V,0,0,0,0,,0,0,0,,,0412P,,QN,,,HORACE HARDING EXPWY, (E/B) @ 173RD ST,0,1111,D,T,,,,BLACK,,2016,,0,,FAILURE TO STOP AT RED LIGHT,,,
5122631906,LRZ6258,PA,PAS,04/30/2022,7,SW,ME/BE,V,0,0,0,0,,0,0,0,,,0416P,,BX,,,BRUCKNER BLVD (S/B),@ HUNTS POINT AVE,0,1111,D,T,,,,,,2021,,0,,FAILURE TO STOP AT RED LIGHT,,,
5122631918,JJB4326,NC,PAS,04/30/2022,7,MP,TOYOT,V,0,0,0,0,,0,0,0,,,0418P,,QN,,,BEACH CHANNEL DR (W/,B) @ B 140TH ST,0,1111,D,T,,,,,,2012,,0,,FAILURE TO STOP AT RED LIGHT,,,
5122631920,LMJ3865,PA,PAS,04/30/2022,7,SW,NISSA,V,0,0,0,0,,0,0,0,,,0419P,,BK,,,JAMAICA AVE (E/B) @,PENNSYLVANIA AVE,0,1111,D,T,,,,,,2010,,0,,FAILURE TO STOP AT RED LIGHT,,,
5122631931,KDW258,VT,PAS,04/30/2022,7,4W,JEEP,V,0,0,0,0,,0,0,0,,,0420P,,BX,,,E 135TH ST (W/B) @ A,LEXANDER AVE,0,1111,D,T,,,,RED,,2015,,0,,FAILURE TO STOP AT RED LIGHT,,,
5122631943,GMR9551,PA,PAS,04/30/2022,7,SDN,INFIN,V,0,0,0,0,,0,0,0,,,0421P,,BK,,,4TH AVE (N/B) @ 18TH, ST,0,1111,D,T,,,,,,2015,,0,,FAILURE TO STOP AT RED LIGHT,,,
5122631955,KZK0148,PA,PAS,04/30/2022,7,SW,FORD,V,0,0,0,0,,0,0,0,,,0426P,,BK,,,EASTERN PKWY (W/B) @, BEDFORD AVE,0,1111,D,T,,,,,,2014,,0,,FAILURE TO STOP AT RED LIGHT,,,
5122631967,9V12S5,TN,PAS,04/30/2022,7,,GMC,V,0,0,0,0,,0,0,0,,,0428P,,BK,,,CADMAN PLAZA (E/B) @, PROSPECT ST,0,1111,D,T,,,,,,2020,,0,,FAILURE TO STOP AT RED LIGHT,,,
1486435476,KRC7670,NY,PAS,05/01/2022,40,SDN,BMW,P,23365,40404,40404,20230824,113,113,113,950968,0113,0000,1024A,,Q,F,137-38,151 STREET,,0,408,F2,,BBBBBBB,ALL,ALL,GY,0,2015,-,0,,,,,
1473714540,AS77907,CT,PAS,05/01/2022,98,SUBN,HONDA,P,8720,74120,74170,0,0044,44,44,953238,0044,0000,0428P,,BX,F,977,ANDERSON AVE,,0,408,E2,,BBBBBBB,ALL,ALL,WH,0,0,-,0,,,,,
1473329760,4015169,PA,PAS,05/01/2022,40,SUBN,FORD,P,17170,10010,12110,20220504,0009,9,9,971403,0009,0000,0927P,,,F,421,EAST 9TH STREET,,0,408,C4,,BBBBBBB,ALL,ALL,WH,0,0,-,0,,,,,
1485804991,FKD4T21,99,PAS,05/01/2022,83,VAN,FORD,P,48140,51750,40200,0,121,121,121,972948,0121,0000,1117A,,,F,21,SLAIGHT ST,,0,408,J2,,BBBBBBB,ALL,ALL,,0,0,-,0,,,,,
1466167300,KFT8620,NY,PAS,05/02/2022,17,VAN,HONDA,O,36420,26640,50120,20221012,0044,44,0,0,00C6,0000,0727A,,BX,F,1125,GRAND CONCOURSE,,0,408,C4,,YYYYYBB,0700A,0700P,GREY,0,2006,-,0,,,,,
1466167397,KGS9606,NY,PAS,05/02/2022,17,SUBN,,O,36420,26640,50120,20230509,0044,44,0,0,00C6,0000,0730A,,BX,F,1125,GRAND CONCOURSE,,0,408,C4,,YYYYYBB,0700A,0700P,GREY,0,2007,-,0,,,,,
1486081666,KCE0187,PA,PAS,05/02/2022,98,SDN,HONDA,P,65490,50090,52490,20240331,109,109,104,971483,0104,0000,0614A,,Q,F,46-31,UNION ST,,0,408,F7,,BBBBBBB,ALL,ALL,WHI,0,2014,-,0,,,,,
1487757785,JGX1883,NY,PAS,05/02/2022,98,SDN,,P,69230,58730,85730,20230322,0079,79,0,973019,0000,0000,0820A,,K,F,652,PARK AVE,,0,408,F2,,BBBBBBB,ALL,ALL,,0,0,-,0,,,,,
1486701334,185ZNS,CT,PAS,05/02/2022,14,SDN,MINI,P,45930,26730,41930,20220311,0080,80,88,960693,0088,0000,0933P,,K,O,295,GREENE AVE,,0,408,E2,,BBBBBBB,ALL,ALL,WH,0,2005,-,0,,,,,
1486708675,KSP9173,NY,PAS,05/02/2022,14,SDN,KIA,P,53630,44530,72330,20220131,0084,84,84,970551,0084,0000,0700P,,K,O,176,JOHNSON ST,,0,408,D,,BBBBBBB,ALL,ALL,GRY,0,2012,-,0,,,,,
1465484024,KTC5067,NY,PAS,05/02/2022,40,SDN,HONDA,P,26550,15720,26550,20231110,0042,42,42,960769,0042,0000,1014A,,BX,F,488,EAST 163 STREET,,0,408,F1,,BBBBBBB,ALL,ALL,RED,0,2020,-,0,,,,,
1487157745,KPV1955,NY,PAS,05/02/2022,51,SDN,HYUND,P,55590,45890,27097,20230930,105,105,105,968201,0105,0000,0335A,,Q,O,231-02,MERRICK BLVD,,0,408,C3,,BBBBBBB,ALL,ALL,RED,0,0,-,0,,,,,
1487157769,JJH4056,NY,PAS,05/02/2022,19,SUBN,ME/BE,P,55590,45890,27097,20230617,105,105,105,968201,0105,0000,0350A,,Q,O,231-14,MERRICK BLVD,,0,408,E5,,BBBBBBB,ALL,ALL,WH,0,2017,-,0,,,,,
1487157757,BE70630,CT,PAS,05/02/2022,50,SDN,HONDA,P,55590,27097,27098,20211231,105,105,105,968201,0105,0000,0345A,,Q,O,231-30,MERRICK BLVD,,0,408,E3,,BBBBBBB,ALL,ALL,BLK,0,2017,-,0,,,,,
1485805004,JRS1476,NY,PAS,05/02/2022,98,SDN,TOYOT,P,36650,54530,54350,20240311,121,121,121,972948,0121,0000,1249P,,R,O,290,LIVERMORE AVE,,0,408,J7,,BBBBBBB,ALL,ALL,,0,0,-,0,,,,,
1413271790,GKF2501,NY,PAS,05/03/2022,17,SUBN,HONDA,W,59330,58330,44930,20230828,0090,90,1,825541,0001,0000,0144A,,K,F,151,MAUJER ST,,0,408,C4,,YYYYYBB,0800A,0400P,GRAY,0,2005,-,0,,,,,
1486904350,JNT6115,NY,PAS,05/03/2022,40,SUBN,JEEP,P,14980,82930,73190,20220122,0081,81,81,966234,0081,0000,0844P,,K,F,171,BAINBRIDGE ST,,0,408,E2,,BBBBBBB,ALL,ALL,BLACK,0,2020,-,0,,,,,
1486911791,HMT6380,NY,PAS,05/03/2022,19,SUBN,NISSA,P,0,40404,40404,20221212,0081,81,81,954370,0081,0000,1239P,,K,O,8,RALPH,,0,408,F2,,BBBBBBB,ALL,ALL,GY,0,2020,-,0,,,,,
1484527422,AH53217,CT,PAS,05/03/2022,98,SDN,HONDA,P,27820,31990,32140,0,100,100,100,948014,0100,0000,0954A,,Q,F,69-44,ALMEDA AVE,,0,408,E3,,BBBBBBB,ALL,ALL,,0,0,-,0,,,,,
1474712708,HGV3053,NY,PAS,05/03/2022,40,SUBN,HONDA,P,36010,10410,24690,20220530,0028,28,805,956237,0805,0000,0940P,0935P,NY,O,71,WEST 112 STREET,,0,408,F7,,BBBBBBB,ALL,ALL,,0,0,-,0,,,,,
1474714092,KSH4307,NY,PAS,05/03/2022,46,SDN,NISSA,P,19010,10010,20490,20231219,0023,23,805,956051,0805,0000,1010P,2205P,,F,425,E 102 ST,,0,408,F1,,BBBBBBB,ALL,ALL,GRAY,0,2014,-,0,,,,,
1480662744,BLANKPLATE,99,999,05/03/2022,70,SDN,NISSA,P,19250,10410,25390,0,0023,23,805,964365,0805,0000,0622P,0620P,NY,O,23,E 115 ST,,20220503,408,C,,BBBBBBB,ALL,ALL,WHT,0,0,-,0,,,,,
1466167312,KKH2393,NY,PAS,05/04/2022,40,SDN,HONDA,O,36420,26640,50120,20230412,0044,44,0,0,00C6,0000,0737A,,BX,F,1130,GRAND CONCOURSE,,0,408,C4,,BBBBBBB,ALL,ALL,WHITE,0,2016,-,0,,,,,
1413271777,AME1726,NY,PAS,05/04/2022,17,SUBN,TOYOT,W,59330,58330,44930,20230102,0090,90,7,825541,0007,0000,1050A,,K,F,151,MAUJER ST,,0,408,C4,,YYYYYBB,0800A,0400P,GRAY,0,2015,-,0,,,,,
1413271789,A280902,99,PAS,05/04/2022,17,SUBN,JEEP,W,59330,58330,44930,0,0090,90,1,925541,0001,0000,0948A,,K,F,151,MAUJER ST,,0,408,C4,,YYYYYBB,0800A,0400P,GRAY,0,0,-,0,,,,,
1478682553,KTL9476,NY,PAS,05/04/2022,40,SDN,ME/BE,M,17870,25390,32670,20240119,0014,14,14,278023,0014,0000,0345P,,NY,F,49,E 44TH ST,,0,408,F1,,BBBBBBB,ALL,ALL,BL,0,2022,-,0,,,,,
1478689924,KTL9476,NY,PAS,05/04/2022,17,SDN,ME/BE,M,17870,25390,32670,20240119,0014,14,968,267107,0968,0000,0345P,,NY,F,49,E 44TH ST,,0,408,C,,BBBBBBB,ALL,ALL,BLK,0,2022,-,0,,,,,
1483097092,AL6161U,AZ,PAS,05/04/2022,14,VAN,FORD,F,34630,10410,10510,0,,0,65,923433,5065,0000,0120P,0115A,NY,O,35,W 43 ST,,20220504,408,C3,,BBBBBBB,ALL,ALL,WHT,0,0,-,0,,,,,
1480333761,KHA1433,NY,PAS,05/05/2022,68,SUBN,SUBAR,K,92300,18950,18950,20221201,0078,78,4,160941,0004,0000,0329P,,K,O,44,WEST DR,,0,408,D,,BBBBBBB,ALL,ALL,BLK,0,2015,-,0,,,,,
1466167324,KLE1835,NY,PAS,05/05/2022,17,SDN,HONDA,O,36420,26640,50120,20221130,0044,44,0,0,00C6,0000,0127P,,BX,F,1125,GRAND CONCOURSE,,0,408,E2,,YYYYYBB,0700A,0700P,TAN,0,2007,-,0,,,,,
1484661205,GZK8195,NY,PAS,05/05/2022,68,CONV,CHEVR,K,92300,72507,0,20230702,0078,78,4,160941,0004,0000,0558P,,K,F,44,WEST DR,PROSPECT PARK,0,408,F3,,BBBBBBB,ALL,ALL,BLK,0,2015,-,0,,,,,
1484661163,1DCH72,MA,PAS,05/05/2022,63,SDN,TOYOT,P,92300,18950,18950,0,0078,78,4,160941,0004,0000,0549A,,K,F,44,WEST DR,,0,408,C,,BBBBBBB,ALL,ALL,BLUE,0,0,-,0,,,,,
1484661175,N64NET,NJ,PAS,05/05/2022,63,SDN,TESLA,K,92300,18950,18950,0,0078,78,4,160941,0004,0000,0552P,,K,F,44,WEST DR,,0,408,A1,,BBBBBBB,ALL,ALL,WHITE,0,0,-,0,,,,,
1486380633,KJC2170,NY,PAS,05/05/2022,17,SDN,NISSA,P,0,0,0,0,0005,5,0,330129,BKTP,0000,0800A,,,O,,N/S ROBERT WAGNER PL,W/O PEARL,0,408,C,,YBBBBBB,0700A,0700P,,0,0,-,0,,,,,
1486380736,JJS9745,NY,PAS,05/05/2022,17,SUBN,HONDA,P,0,28490,0,20230725,0005,5,435,950216,0435,0000,1135A,,NY,,,ROBERT WAGNER SR PL,PEARL ST,0,408,C4,,YYYYYYY,0700A,0700P,BLUE,0,2010,-,0,,,,,
1486380748,JLF5353,NY,PAS,05/05/2022,17,SUBN,JEEP,P,0,28490,0,20230811,0005,5,435,950216,0435,0000,1125A,,NY,,,ROBERT WAGNER SR PL,PEARL ST,0,408,C4,,YYYYYYY,0700A,0700P,BLK,0,2003,-,0,,,,,
1486380750,KJC2170,NY,PAS,05/05/2022,74,SDN,NISSA,P,0,0,0,0,0005,5,0,330129,BLTP,0000,0808A,,,,,N/S ROBERT WAGNER PL,W/O PEARL ST,0,408,C4,,YBBBBBB,0700A,0700P,,0,0,-,0,,,,,
1486380761,KJC2170,NY,PAS,05/05/2022,70,SDN,NISSA,P,0,0,0,0,0005,5,0,330129,BKTP,0000,0804A,,,,,N/S ROBERT WAGNER PL,W/O PEARL ST,0,408,J2,,YBBBBBB,0700A,0700P,,0,0,-,0,,,,,
1471974625,COY8190,GA,PAS,05/05/2022,46,SDN,FORD,P,82230,18830,83730,0,0073,73,73,955533,0073,0000,0845P,,,F,426,STONE AVE,,0,408,E3,,BBBBBBB,ALL,ALL,,0,0,-,0,,,,,
1478682565,37126MM,NY,COM,05/05/2022,17,VAN,FORD,M,17870,25390,32670,20221130,0014,14,14,278023,0014,0000,0814A,,NY,F,49,E 44 ST,,0,408,E2,,BBBBBBB,ALL,ALL,WH,0,2017,-,0,,,,,
1478689936,JCD5173,NY,PAS,05/05/2022,31,,INFIN,M,24890,17850,17870,20240319,0017,17,968,267107,0968,0000,0750A,,NY,F,425,LEXINGTON AVE,,0,408,C4,,BBBBBBB,ALL,ALL,BLK,0,2014,-,0,,,,,
1480333750,W82PVP,NJ,PAS,05/05/2022,68,,MINI,K,92300,18950,18950,0,0078,78,4,160941,0004,0000,0323P,,K,F,44,WEST DR,,0,408,F2,,BBBBBBB,ALL,ALL,WHITE,0,0,-,0,,,,,
1487977530,N64MTJ,NJ,PAS,05/05/2022,46,SUBN,ME/BE,P,36550,10610,0,20220820,0032,32,32,972810,0032,0000,0217A,,NY,F,2373,W 139 ST,7TH AVE,0,408,E2,,BBBBBBB,ALL,ALL,BLK,0,2017,-,0,,,,,
1482095889,AL37224,AZ,PAS,05/05/2022,45,VAN,FORD,P,0,0,0,0,0060,60,60,959440,0060,0000,0507A,,K,,,I/O W 12 ST,SURF AVE,0,408,D,,BBBBBBB,ALL,ALL,,0,0,-,0,,,,,
1485145053,79068YZ,CA,PAS,05/05/2022,40,SDN,NISSA,P,22530,67830,22680,20220331,0060,60,60,972679,0060,0000,0855A,,K,F,3054,BRIGHTON 13,,0,408,E2,,BBBBBBB,ALL,ALL,BLK,0,0,-,0,,,,,
1485805016,JPA6932,NY,PAS,05/05/2022,14,SDN,KIA,P,35070,36285,19820,20220227,121,121,121,972948,0121,0000,0315P,,R,F,484,KLONDIKE AVE,,0,408,F2,,BBBBBBB,ALL,ALL,GY,0,2020,-,0,,,,,
1413271753,LXE4875,PA,PAS,05/06/2022,17,SDN,,W,59330,58330,44930,0,0090,90,1,825541,0001,0000,1219P,,K,F,151,MAUJER ST,,0,408,C4,,BBBBBBB,0800A,0400P,,0,0,-,0,,,,,
1446828244,H85LPA,NJ,PAS,05/06/2022,46,,HDX,F,12520,26940,29620,0,0048,48,20,916099,1020,0000,0115P,,,O,1898,BELMONT AVE,,0,408,D,,BBBBBBB,ALL,ALL,,0,0,-,0,,,,,
1486949381,KFN7709,NY,PAS,05/06/2022,98,SDN,SUBAR,P,55730,18630,67030,20221020,0079,79,79,966810,0079,0000,0420P,,K,F,275,LEXINGTON AVE,,0,408,F2,,BBBBBBB,ALL,ALL,GRY,0,2014,-,0,,,,,
1481015540,S18PAL,NJ,PAS,05/06/2022,61,SDN,AUDI,4,67830,18030,49730,0,0060,60,985,100457,0985,0000,0448P,,K,F,5147,OCEANVIEW AVE,,0,408,E2,,BBBBBBB,ALL,ALL,GRAY,0,0,-,0,,,,,
1483097225,JPY8704,NY,PAS,05/08/2022,40,SUBN,HONDA,F,9840,18990,19190,20240105,110,110,138,920256,L138,0000,1025A,1025A,Q,O,97-42,43 AVENUE,,0,408,E2,,BBBBBBB,ALL,ALL,BLUE,0,2003,-,0,,,,,
1483097249,HJX3252,NY,PAS,05/08/2022,14,SDN,TOYOT,F,9840,18990,19190,20220705,110,110,138,920256,L138,0000,1025A,1025A,Q,O,97-42,43 AVENUE,,0,408,E2,,BBBBBBB,ALL,ALL,GREY,0,2016,-,0,,,,,
1483097213,35832S6,TX,PAS,05/08/2022,40,SDN,NISSA,F,9840,18990,19190,20220127,110,110,138,920256,L138,0000,1025A,1025A,Q,O,97-42,43 AVENUE,,20220508,408,E2,,BBBBBBB,ALL,ALL,BLUE,0,2016,-,0,,,,,
1487900340,1T8L17,MA,PAS,05/09/2022,46,SDN,HONDA,P,15220,14420,0,0,0049,49,49,969524,0049,0000,1013P,,BX,F,,BRONX PK E,BRADY AVE,0,408,J7,,BBBBBBB,ALL,ALL,RED,0,0,-,0,,,,,
1475766993,HZX9595,NY,PAS,05/09/2022,46,SUBN,HONDA,P,0,0,0,20220730,,0,868,86828,0868,0000,1203P,,Q,F,120-55,QB,,0,408,C4,,BBBBBBB,ALL,ALL,GREY,0,2012,-,0,,,,,
1466164281,JLT3541,NY,PAS,05/10/2022,20,SUBN,FORD,O,18220,26610,26640,20230923,0044,44,0,0,00C6,0000,1231P,,BX,O,1064,CARROLL PL,,0,408,C,,BBBBBBB,ALL,ALL,WHT,0,2015,-,0,,,,,
1466167191,397562T,99,PAS,05/10/2022,17,SUBN,HONDA,O,36420,26640,50120,0,0044,44,0,0,00C6,0000,0811A,,BX,F,1125,GRAND CONCOURSE,,0,408,K2,,YYYYYBB,0700A,0700P,BLUE,0,0,-,0,,,,,
1485805028,KGN3552,NY,PAS,05/10/2022,98,SUBN,TOYOT,P,17060,18650,25908,20230404,121,121,121,972948,0121,0000,1235P,,R,O,43,AVENUE B,,0,408,C,,BBBBBBB,ALL,ALL,RED,0,2015,-,0,,,,,
1478687137,HDN889,UT,PAS,05/11/2022,40,SDN,FORD,M,17830,27790,16320,0,0014,14,968,267107,0968,0000,0442P,,NY,F,105,E 42ND ST,,0,408,C4,,BBBBBBB,ALL,ALL,GRAY,0,0,-,0,,,,,
1449218490,HPN8181,NY,PAS,05/11/2022,40,SUBN,TOYOT,P,26610,69720,0,20230305,0042,42,42,958650,0042,0000,0819P,,,,,E 165 ST,TRINITY AVE,0,408,D,,BBBBBBB,ALL,ALL,BLK,0,2017,-,0,,,,,
1473621938,KDW8503,NY,PAS,05/11/2022,46,P-U,FORD,P,0,0,0,20220629,0080,80,40,956513,0040,0000,0523P,,BX,O,357,E 138 ST,,0,408,F1,,BBBBBBB,ALL,ALL,WHITE,0,2020,-,0,,,,,
1487268452,KNY4795,NY,PAS,05/11/2022,99,SUBN,DODGE,P,53520,20520,57320,20230721,0049,49,49,963951,0049,0000,0935A,,BX,F,1005,NEILL AVE,,0,408,E2,,BBBBBBB,ALL,ALL,BROWN,0,0,-,0,,,,,
1487268737,KNY4795,NY,PAS,05/11/2022,40,SDN,HONDA,P,53520,20520,57320,20230721,0049,49,49,963951,0049,0000,0935A,,BX,F,1005,NEILL AVE,,0,408,99,,BBBBBBB,ALL,ALL,BROWN,0,2001,-,6,,,,,
1486463459,KRL6723,NY,PAS,05/11/2022,14,SDN,HONDA,P,21870,35780,35780,20230802,113,113,113,967724,0113,0000,0830P,0830P,Q,F,163-35,130 AVENUE,,0,408,K6,,BBBBBBB,ALL,ALL,WHITE,0,2019,-,0,,,,,
1455074688,KLU1973,NY,PAS,05/11/2022,40,SDN,MAZDA,M,17830,27790,16320,20230223,0014,14,968,267107,0968,0000,0733A,,NY,F,89,E 42ND ST,,0,408,D,,BBBBBBB,ALL,ALL,WHITE,0,2009,-,5,,,,,
1486817142,KVT1867,NY,PAS,05/11/2022,40,SDN,HONDA,M,37702,11010,13610,20240403,0034,34,968,273198,0968,0000,0336A,0336A,NY,O,506,W 213 ST,,0,408,C3,,BBBBBBB,ALL,ALL,RED,0,2009,-,0,,,,,
1486817166,KHF3711,NY,PAS,05/11/2022,40,SDN,INFIN,M,32690,23490,37700,20230331,0034,34,968,273198,0968,0000,0358A,0358A,NY,O,181,VERMILYEA AVE,,0,408,E2,,BBBBBBB,ALL,ALL,BR,0,2016,-,0,,,,,
1466165194,CHJ8592,NY,PAS,05/11/2022,17,SDN,HONDA,O,36420,26640,50120,20221214,0044,44,0,0,00C6,0000,0715A,,BX,F,1118,GRAND CONCOURSE,,0,408,C,,YYYYYBB,0700A,0700P,GREY,0,2013,-,0,,,,,
1478724985,47ABYL,FL,PAS,05/11/2022,40,SDN,HYUND,M,32690,23490,37700,20220224,0034,34,968,253064,0968,0000,0400A,0400P,NY,O,181,VERMILYEA AVE,,0,408,F1,,BBBBBBB,ALL,ALL,RED,0,0,-,0,,,,,
1478724997,2EG4971,ME,PAS,05/11/2022,40,SDN,NISSA,M,37702,11010,13610,20230228,0034,34,968,253064,0968,0000,0340A,0340A,NY,O,506,W 213 ST,,20220511,408,E2,,BBBBBBB,ALL,ALL,BLK,0,2021,-,0,,,,,
1478725138,NGIB50,FL,PAS,05/11/2022,46,VAN,DODGE,M,23490,30490,32690,20220630,0034,34,968,253064,0968,0000,0352A,0352A,NY,F,536,ISHAM ST,,0,408,E2,,BBBBBBB,ALL,ALL,GRY,0,0,-,0,,,,,
1478725140,KNX5158,NY,OMS,05/11/2022,40,SDN,DODGE,M,13610,23490,37701,20230930,0034,34,968,253064,0968,0000,0330A,0330A,NY,F,4980,BROADWAY,,0,408,F1,,BBBBBBB,ALL,ALL,RED,0,2022,-,0,,,,,
1487728025,XLJX88,NJ,PAS,05/11/2022,51,VAN,RAM,K,13820,0,0,0,0084,84,4,160596,0004,0000,0148P,,K,,,BROOKLYN BRIDGE PK,W/S PLYMOUTH ST,0,408,C,,BBBBBBB,ALL,ALL,BL,0,0,-,0,,,,,
1486537157,FLY1452,NY,PAS,05/11/2022,98,SDN,AUDI,P,35280,77650,29630,20230524,0070,70,70,933282,0070,0000,0913A,,K,F,339,STRATFORD RD,,0,408,C3,,BBBBBBB,ALL,ALL,TAN,0,2004,-,0,,,,,
1466165200,GYD4154,NY,PAS,05/12/2022,17,SDN,HONDA,O,36420,26640,50120,20230505,0044,44,0,0,00C6,0000,0712A,,BX,F,1118,GRAND CONCOURSE,,0,408,C4,,YYYYYBB,0700A,0700P,GRAY,0,2015,-,0,,,,,
1473733698,GVH7893,NY,PAS,05/12/2022,98,SUBN,HONDA,P,52120,26730,26760,20230216,0044,44,163,963649,0163,0000,0755P,,BX,F,1354,MORRIS AVENUE,,0,408,E2,,BBBBBBB,ALL,ALL,BLACK,0,2019,-,0,,,,,
1486907477,KWF5812,NY,PAS,05/12/2022,98,SDN,VOLKS,P,46730,50930,75130,20240517,0081,81,81,951595,0081,0000,0833A,,K,F,803,HALSEY,,0,408,F1,,BBBBBBB,ALL,ALL,WHITE,0,2014,-,0,,,,,
1488008863,KVT3223,NY,PAS,05/12/2022,46,SUBN,JEEP,P,0,40404,40404,0,,0,34,972761,0034,0000,1052P,,NY,O,204,SHERMAN,,0,408,F1,,BBBBBBB,ALL,ALL,,0,0,-,0,,,,,
1488008930,KVV7330,NY,PAS,05/12/2022,19,SUBN,JEEP,P,0,40404,40404,0,0034,34,34,968225,0034,0000,1050P,,,O,204,SHERMAN,,0,408,F1,,BBBBBBB,ALL,ALL,RED,0,0,-,0,,,,,
1478687149,OL8626H,NJ,PAS,05/12/2022,17,VAN,FORD,M,17870,25390,32670,0,0014,14,968,267107,0968,0000,1117A,,NY,F,49,E 44TH ST,,0,408,E2,,BBBBBBB,ALL,ALL,BLACK,0,0,-,0,,,,,
1478687150,OL8626H,NJ,PAS,05/12/2022,40,VAN,FORD,M,17870,25390,32670,0,0014,14,968,267107,0968,0000,1117A,,NY,F,49,E 44TH ST,,0,408,C4,,BBBBBBB,ALL,ALL,,0,0,-,0,,,,,
1487617227,LXEK17,FL,PAS,05/12/2022,40,SUBN,,P,38643,10340,10440,20221231,108,108,108,971622,0108,0000,0500P,0500P,Q,F,46-30,CENTER BLVD,,0,408,F2,,BBBBBBB,ALL,ALL,WHITE,0,2015,-,0,,,,,
1482142168,ESC7263,NY,PAS,05/12/2022,51,SDN,FORD,A,97540,0,0,20230719,113,113,642,0,0642,0000,0957A,0955A,Q,F,,JFK TERMINAL 5,JFK B,0,408,D,,BBBBBBB,ALL,ALL,BLK,0,2010,-,0,,,,,
1450793757,KVR5232,NY,PAS,05/13/2022,20,SDN,NISSA,X,97530,0,0,20240513,115,115,302,50533,0302,0000,1050P,,Q,F,,LGA,TERM C DEPARTURE,0,408,C,,BBBBBBB,ALL,ALL,BL,0,2019,-,0,,,,,
1466160688,JLK6298,NY,PAS,05/13/2022,17,SDN,TOYOT,O,72720,36420,0,20231006,0044,44,0,0,BXSC,0000,0932A,,BX,O,,WALTON,GRAND CONCOURSE,0,408,C4,,YYYYYBB,0800A,1800P,GRAY,0,2003,-,0,,,,,
1473180740,KVV6829,NY,PAS,05/13/2022,19,SDN,HONDA,P,25490,29990,23990,20240501,0007,7,7,968424,0007,0000,0104A,,,F,221,MADISON ST,,0,408,D,,BBBBBBB,ALL,ALL,WHI,0,2014,-,0,,,,,
1465600267,KEK5348,NY,PAS,05/14/2022,14,SUBN,JEEP,P,78130,48030,58730,20220920,0090,90,90,946281,0090,0000,0620A,,K,F,252,SOUTH 1 ST,,0,408,E2,,BBBBBBB,ALL,ALL,BLUE,0,2020,-,0,,,,,
1486705972,KUR7007,NY,PAS,05/14/2022,98,SDN,HONDA,P,0,0,0,20240330,0075,75,75,957515,0075,0000,0500P,,K,F,534,,,0,408,F2,,BBBBBBB,ALL,ALL,GRY,0,2022,-,0,,,,,
1486705996,KKE4285,NY,PAS,05/14/2022,40,SDN,BMW,P,39830,48430,13630,20230319,0075,75,75,957515,0075,0000,1023P,,K,F,335,ETNA ST,,0,408,F2,,BBBBBBB,ALL,ALL,WHT,0,2017,-,0,,,,,
1486706009,KMG9137,NY,PAS,05/14/2022,40,SDN,ACURA,P,30430,31233,39830,20230517,0075,75,75,957515,0075,0000,1026P,,K,F,82,CRESCENT ST,,0,408,F2,,BBBBBBB,ALL,ALL,GRY,0,2005,-,0,,,,,
1486705984,KNG9165,NY,PAS,05/14/2022,98,SDN,NISSA,P,70630,19830,34330,20230707,0075,75,75,957515,0075,0000,0514P,,K,F,589,PINE ST,,0,408,F2,,BBBBBBB,ALL,ALL,BLK,0,2018,-,0,,,,,
1474431847,KLX1282,NY,PAS,05/14/2022,46,SUBN,MITSU,P,36270,11710,27390,20230411,0026,26,26,968428,0026,0000,0124A,,,F,511,WEST 125 STREET,,0,408,F7,,BBBBBBB,ALL,ALL,ORG,0,2021,-,0,,,,,
1483101423,S1156501,99,PAS,05/14/2022,17,,HONDA,F,34530,16920,11010,20220530,0010,10,21,907322,L021,0000,0845A,,,O,446,WEST 38 ST,,0,408,C,,BBBBBBB,ALL,ALL,,0,0,-,0,,,,,
1483101435,V46PHV,NJ,PAS,05/14/2022,17,SUBN,GMC,F,34530,16920,11010,0,0010,10,21,907322,L021,0000,0845A,,NY,O,446,WEST 38 ST,,0,408,C4,,BBBBBBB,ALL,ALL,,0,0,-,0,,,,,
1483101459,B28PGR,NJ,PAS,05/14/2022,17,SDN,BMW,F,34530,16920,11010,0,0010,10,21,907322,L021,0000,0845A,,NY,O,432,WEST 38 ST,,0,408,C4,,BBBBBBB,ALL,ALL,,0,0,-,0,,,,,
1487268099,KUG2497,NY,PAS,05/15/2022,40,SDN,ME/BE,P,60420,14420,20520,20231220,0049,49,49,963951,0049,0000,0810A,,BX,F,2037,RADCLIFF AVE,,0,408,F2,,BBBBBBB,ALL,ALL,BLK,0,2011,-,0,,,,,
1488406716,KJB5882,NY,PAS,05/15/2022,14,SDN,FORD,P,83530,83535,32600,20221231,0075,75,75,957515,0075,0000,0818P,,K,F,245,SUNNYSIDE AVE,,0,408,N5,,BBBBBBB,ALL,ALL,GRY,0,2009,-,0,,,,,
1488406741,KKJ2827,NY,PAS,05/15/2022,46,SUBN,ME/BE,P,65330,52730,39830,20230505,0075,75,75,957515,0075,0000,0949P,,K,O,70,NICHOLS AVE,,0,408,E3,,BBBBBBB,ALL,ALL,GRY,0,2017,-,0,,,,,
1488406753,G9923J,FL,PAS,05/15/2022,98,SDN,ME/BE,P,73350,70630,30430,0,0075,75,75,951515,0075,0000,1001P,,K,F,420,RIDGEWOOD AVE,,0,408,F1,,BBBBBBB,ALL,ALL,BLK,0,0,-,0,,,,,
1488406777,KSY1376,NY,PAS,05/15/2022,98,SUBN,NISSA,P,48330,12030,43730,20231029,0075,75,75,957515,0075,0000,1047P,,K,F,486,HEGEMAN AVE,,0,408,K6,,BBBBBBB,ALL,ALL,GY,0,2018,-,0,,,,,
1488406881,MRTNZ,NY,OMT,05/15/2022,46,SUBN,MITSU,P,52730,56430,39730,20221209,0075,75,75,957515,0075,0000,0625P,,K,O,510,JAMAICA AVE,,0,408,F2,,BBBBBBB,ALL,ALL,GRY,0,2018,-,0,,,,,
1488408919,KMJ5396,NY,PAS,05/15/2022,46,SDN,TOYOT,P,52730,56430,39730,20220930,,0,75,959310,0075,0000,0625P,,K,O,510,JAMAICA AVE,,0,408,F2,,BBBBBBB,ALL,ALL,WHT,0,2021,-,0,,,,,
1485280540,DDR94,NJ,PAS,05/15/2022,40,P-U,CHEVR,P,37680,41730,18590,20180123,0069,69,69,970510,0069,0000,0825P,,K,F,565,EAST 87 STREET,,0,408,F2,,BBBBBBB,ALL,ALL,GRY,0,2006,-,0,,,,,
1485338633,KLD2383,NY,PAS,05/15/2022,51,SDN,HONDA,P,37450,31190,32790,20230125,0034,34,34,967893,0034,0000,0847A,,NY,F,610,W 185 ST,,0,408,E3,,BBBBBBB,ALL,ALL,WHT,0,2013,-,0,,,,,
1485545614,KVF9875,NY,PAS,05/15/2022,17,SUBN,TOYOT,P,0,0,0,20240313,0084,84,582,936994,0582,0000,1025A,,K,,,N/S STATE ST,E/O BOERUM PLC,0,408,F1,,BBBBBBB,ALL,ALL,GY,0,2022,-,0,,,,,
1485545638,KGD6749,NY,PAS,05/15/2022,17,SUBN,ME/BE,P,0,0,0,20221031,0084,84,582,936994,0582,0000,1030A,,K,,,N/S STATE ST,E/O BOERUM PLC,0,408,C4,,BBBBBBB,ALL,ALL,GY,0,2017,-,0,,,,,
1488406698,KKA1508,PA,PAS,05/15/2022,40,SUBN,FORD,P,87160,56230,13880,0,0075,75,75,957525,0075,0000,0528P,,K,F,787,VAN SINDEREN AVE,,0,408,E3,,BBBBBBB,ALL,ALL,GRY,0,0,-,0,,,,,
1488406704,JGM9669,NY,PAS,05/15/2022,95,SUBN,HONDA,P,33630,70930,18830,20230530,0078,78,75,957515,0075,0000,0556P,,K,F,109,DOSCHER ST,,0,408,E2,,BBBBBBB,ALL,ALL,WH,0,2022,-,0,,,,,
1488406728,RLV3025,TX,PAS,05/15/2022,46,VAN,TOYOT,P,83530,83535,32600,0,0079,79,75,957515,0075,0000,0619P,,K,F,245,SUNNYSIDE AVE,,0,408,C,,BBBBBBB,ALL,ALL,GY,0,0,-,0,,,,,
1488406730,HWA1320,NY,PAS,05/15/2022,51,SUBN,NISSA,P,70630,39830,73350,20231103,0075,75,75,957515,0075,0000,0803P,,K,F,45,PINE ST,,0,408,F1,,BBBBBBB,ALL,ALL,RED,0,2017,-,0,,,,,
1488406765,92163NB,NY,COM,05/15/2022,78,VAN,FORD,P,75330,59410,48330,20230713,0075,75,75,987815,0075,0000,1018P,,K,F,701,SCHENCK AVE,,0,408,F2,,BBBBBBB,ALL,ALL,WH,0,2002,-,0,,,,,
1488406789,GTM4435,NY,PAS,05/15/2022,98,SUBN,NISSA,P,43730,73380,65130,20220923,0075,75,75,957515,0075,0000,0501P,,K,F,584,GEORGIA AVE,,0,408,F2,,BBBBBBB,ALL,ALL,BLK,0,2014,-,0,,,,,
1488408890,JRC7680,NY,PAS,05/15/2022,98,SDN,SATUR,P,50030,30430,13630,20220714,0075,75,75,959310,0075,0000,0603P,,K,F,98,HILL ST,,0,408,99,,BBBBBBB,ALL,ALL,BLK,0,2007,-,0,,,,,
1488408907,TVT197,99,PAS,05/15/2022,98,SDN,HONDA,P,83530,83535,32600,0,0078,78,75,959310,0075,0000,0617P,,,F,245,SUNNYSIDE AVE,,0,408,F2,,BBBBBBB,ALL,ALL,GRY,0,0,-,0,,,,,
1488408968,DG15155,IL,PAS,05/15/2022,46,SDN,HONDA,P,65330,52730,39830,0,0075,75,75,959310,0075,0000,0953P,,K,F,52,NICHOLS AVE,,0,408,E2,,BBBBBBB,ALL,ALL,BK,0,0,-,0,,,,,
1488409080,T753436C,NY,OMT,05/15/2022,46,SDN,HYUND,P,65330,52730,39830,20220930,0075,75,70,959310,0070,0000,0949P,,K,F,75,NICHOLS AVE,,0,408,F1,,BBBBBBB,ALL,ALL,WHT,0,2021,-,0,,,,,
5122652661,1001EMT,NY,SRF,05/15/2022,7,SUBN,TOYOT,V,0,0,0,0,,0,0,0,,,1200P,,QN,,,BORDEN AVE (E/B) @ G,REENPOINT AVE,0,1111,D,T,,,,BK,,2019,,0,,FAILURE TO STOP AT RED LIGHT,,,
